id,purchase_ts,ship_ts,delivery_ts,refund_ts
1194a8be227,1/23/19,1/24/19,2/5/19,2/10/19
3cd695956c9,10/4/19,10/7/19,10/16/19,10/23/19
8d9566e5fbc,6/14/20,6/19/20,6/27/20,7/1/20
940824d6491,6/14/20,6/19/20,6/29/20,7/5/20
47522ab73aa,6/15/20,6/19/20,7/3/20,7/7/20
973efd98592,2/25/21,3/2/21,3/10/21,3/15/21
76189501f16,1/21/19,1/25/19,2/4/19,2/10/19
7485004a281,10/4/19,10/8/19,10/20/19,10/25/19
c729c3ed09d,6/18/20,6/20/20,6/29/20,7/7/20
a648cad571d,2/25/21,3/3/21,3/10/21,3/13/21
e1d5bc0bcab,2/25/21,3/3/21,3/15/21,3/20/21
d4128d7cb08,2/28/21,3/3/21,3/17/21,3/20/21
af4599f2533,1/21/19,1/26/19,2/9/19,2/12/19
93305e6596b,10/4/19,10/9/19,10/21/19,10/25/19
24d540c99f6,6/19/20,6/21/20,7/5/20,7/9/20
dd86765f8a6,3/2/21,3/4/21,3/11/21,3/19/21
602386a17b2,3/3/21,3/4/21,3/16/21,3/21/21
78ff2ee8be2,2/28/21,3/4/21,3/15/21,3/24/21
25fe8b2168d,1/21/19,1/27/19,2/9/19,2/13/19
50f3158281d,10/4/19,10/10/19,10/20/19,10/27/19
c52be9211ee,6/18/20,6/22/20,7/2/20,7/7/20
d86644b2f98,6/18/20,6/22/20,7/4/20,7/5/20
d8ac2000c81,3/2/21,3/5/21,3/14/21,3/20/21
b4f72167df8,1/23/19,1/28/19,2/11/19,2/16/19
9a953b63ba8,6/19/20,6/23/20,7/6/20,7/6/20
e0015018487,6/21/20,6/23/20,7/7/20,7/8/20
b36ca104c80,6/22/20,6/23/20,7/7/20,7/12/20
436c559956c,6/18/20,6/23/20,7/5/20,7/12/20
b846cc9dce9,3/2/21,3/6/21,3/15/21,3/22/21
61f2f6a7484,2/28/21,3/6/21,3/19/21,3/28/21
93ef111071e,2/28/21,3/6/21,3/20/21,3/24/21
6861ed5ab64,2/28/21,3/6/21,3/14/21,3/20/21
cac6535ae58,3/1/21,3/6/21,3/15/21,3/21/21
aba3955e4e3,1/24/19,1/29/19,2/5/19,2/9/19
efc7ae7dc8d,1/26/19,1/29/19,2/11/19,2/15/19
3f5e95f1556,1/23/19,1/29/19,2/7/19,2/8/19
ba1ecd79242,10/7/19,10/12/19,10/20/19,10/29/19
68ff8701ba4,6/19/20,6/24/20,7/4/20,7/12/20
7fd42f22a60,6/20/20,6/24/20,7/3/20,7/8/20
571fc043fd7,6/18/20,6/24/20,7/3/20,7/10/20
25f40dd38f0,3/2/21,3/7/21,3/16/21,3/18/21
2bd074f67e2,3/4/21,3/7/21,3/16/21,3/24/21
c5d7b60b4be,3/1/21,3/7/21,3/17/21,3/25/21
d5d2e4c3eb7,6/22/20,6/25/20,7/4/20,7/9/20
42e0fdb0e53,6/23/20,6/25/20,7/3/20,7/12/20
860ad8916a0,6/22/20,6/26/20,7/9/20,7/11/20
4ff6d20cf23,6/22/20,6/26/20,7/8/20,7/9/20
8fb9e3036e4,6/24/20,6/26/20,7/6/20,7/15/20
715fd0d586c,6/25/20,6/26/20,7/5/20,7/14/20
72185f1ef58,3/7/21,3/9/21,3/23/21,3/27/21
5715c82f3d5,6/21/20,6/27/20,7/9/20,7/12/20
e5698cae021,6/23/20,6/27/20,7/10/20,7/15/20
72eadddf4e8,6/25/20,6/27/20,7/11/20,7/19/20
f810c833660,6/25/20,6/27/20,7/6/20,7/15/20
9d18ad87e77,3/4/21,3/10/21,3/24/21,3/28/21
53d3b859b5a,3/4/21,3/10/21,3/18/21,3/23/21
4a790707bf6,6/24/20,6/29/20,7/10/20,7/14/20
84ac44351b9,6/24/20,6/29/20,7/13/20,7/16/20
c6853a0891f,6/24/20,6/29/20,7/8/20,7/16/20
a72d063df7a,6/24/20,6/29/20,7/9/20,7/14/20
b77b96b9472,6/28/20,6/29/20,7/13/20,7/14/20
c2d536f0cf7,10/14/19,10/18/19,10/31/19,11/8/19
75523c015e9,10/16/19,10/18/19,10/31/19,11/2/19
38f6ce968d4,6/24/20,6/30/20,7/13/20,7/22/20
26f84c839b6,6/26/20,6/30/20,7/11/20,7/19/20
fd5263672c5,6/29/20,6/30/20,7/8/20,7/17/20
1f14e0bf0ac,2/3/19,2/5/19,2/15/19,2/19/19
7ea2a6b9b49,10/13/19,10/19/19,10/31/19,10/31/19
d43eabca9fd,10/13/19,10/19/19,10/30/19,11/3/19
b613bba9923,10/16/19,10/19/19,11/2/19,11/11/19
dc10cfc5dbe,10/18/19,10/19/19,11/2/19,11/11/19
3621a8db3fd,6/26/20,7/1/20,7/14/20,7/17/20
e841d651977,3/13/21,3/14/21,3/25/21,3/30/21
9dbb27ed071,6/27/20,7/2/20,7/16/20,7/19/20
2e31a5dc43d,6/27/20,7/2/20,7/13/20,7/17/20
5109d428862,6/28/20,7/2/20,7/13/20,7/14/20
9e88b12ceaf,3/14/21,3/15/21,3/28/21,4/5/21
5ac924875a6,6/28/20,7/3/20,7/16/20,7/24/20
739624375f3,6/28/20,7/3/20,7/17/20,7/23/20
fd082316703,6/29/20,7/3/20,7/12/20,7/16/20
9c6d89cbcf2,6/29/20,7/3/20,7/11/20,7/15/20
d3217cc0c31,6/30/20,7/3/20,7/10/20,7/16/20
66a322a1447,6/30/20,7/3/20,7/14/20,7/22/20
90298f400d9,3/13/21,3/16/21,3/24/21,3/30/21
620b94fcfb0,6/29/20,7/4/20,7/17/20,7/26/20
00990e5ed6d,3/14/21,3/17/21,3/27/21,3/30/21
8f127957dd0,2/4/19,2/9/19,2/21/19,2/24/19
2126fc6f4e8,10/19/19,10/23/19,11/6/19,11/10/19
edc03a667d7,7/4/20,7/5/20,7/17/20,7/22/20
b3548988bdd,3/16/21,3/18/21,3/31/21,4/3/21
59f49a6ec87,2/5/19,2/10/19,2/23/19,2/24/19
ee48eb255d9,2/6/19,2/10/19,2/24/19,3/2/19
a199ebfa621,10/19/19,10/24/19,11/1/19,11/7/19
a47d93af8d1,10/23/19,10/24/19,11/6/19,11/8/19
a9bdb2df998,7/5/20,7/6/20,7/19/20,7/28/20
63dbc852d10,7/5/20,7/7/20,7/21/20,7/27/20
e19eeffa7cf,3/15/21,3/20/21,4/2/21,4/5/21
3cfe03fa1e0,3/16/21,3/20/21,4/1/21,4/9/21
b35c3879b9a,3/19/21,3/20/21,3/27/21,4/4/21
2a8f4e673e2,2/8/19,2/12/19,2/20/19,2/25/19
5f5e6e06274,7/3/20,7/8/20,7/19/20,7/24/20
d5ff049dc19,7/5/20,7/8/20,7/18/20,7/22/20
b73fc80a54a,7/6/20,7/8/20,7/22/20,7/22/20
c692b8b8c28,7/6/20,7/8/20,7/19/20,7/26/20
754aac85b9f,7/7/20,7/8/20,7/17/20,7/24/20
8dcc39b80bf,3/15/21,3/21/21,3/29/21,4/4/21
b24d615e542,3/15/21,3/21/21,3/29/21,4/5/21
040dbc16cf2,3/17/21,3/21/21,3/30/21,4/5/21
c3ed4238503,7/5/20,7/9/20,7/16/20,7/24/20
e8fd88d6d1c,7/7/20,7/9/20,7/20/20,7/25/20
ecfb869c392,7/8/20,7/9/20,7/21/20,7/26/20
2d8065f0bd7,2/13/19,2/14/19,2/26/19,3/7/19
2767b358a5e,10/22/19,10/28/19,11/11/19,11/13/19
cde77b9fd57,7/8/20,7/10/20,7/23/20,7/31/20
43faf1fa58a,3/19/21,3/23/21,4/4/21,4/4/21
db293d70334,3/21/21,3/23/21,4/3/21,4/9/21
536d673ea16,3/22/21,3/23/21,4/3/21,4/7/21
1cb2d2c229e,12/2/21,12/4/21,12/17/21,12/23/21
dc7234d67b6,12/3/21,12/4/21,12/15/21,12/20/21
51fde85e262,10/23/19,10/29/19,11/12/19,11/21/19
f115ebf6eac,7/5/20,7/11/20,7/24/20,7/25/20
f5b89e1b0cb,3/19/21,3/24/21,4/3/21,4/11/21
fefe115c433,10/24/19,10/30/19,11/12/19,11/15/19
31bc4b27a44,10/25/19,10/30/19,11/8/19,11/12/19
db275a8d928,10/25/19,10/30/19,11/7/19,11/14/19
b0e0ad39425,10/25/19,10/30/19,11/7/19,11/16/19
ec254e5c3b8,7/11/20,7/12/20,7/26/20,7/28/20
9749f3532b7,3/23/21,3/25/21,4/6/21,4/8/21
19aa4b25ace,12/1/21,12/6/21,12/20/21,12/29/21
a61346bb417,12/2/21,12/6/21,12/20/21,12/28/21
651a52993c8,12/3/21,12/6/21,12/18/21,12/23/21
4bc84cfa0f2,2/11/19,2/17/19,2/26/19,3/2/19
ccaf3921710,10/25/19,10/31/19,11/8/19,11/15/19
6e73d918f47,10/26/19,10/31/19,11/7/19,11/13/19
8384dd80b8c,7/7/20,7/13/20,7/26/20,7/28/20
93b7eca532b,7/10/20,7/13/20,7/23/20,7/27/20
797ab499073,7/10/20,7/13/20,7/26/20,8/2/20
6454d0c6f78,3/20/21,3/26/21,4/8/21,4/12/21
072538a77b3,3/20/21,3/26/21,4/5/21,4/12/21
fc1e181d218,3/22/21,3/26/21,4/7/21,4/15/21
18b6b6cb27f,3/24/21,3/26/21,4/7/21,4/15/21
213821d12ed,12/4/21,12/7/21,12/17/21,12/26/21
34b653fd45d,12/5/21,12/7/21,12/17/21,12/21/21
c0ef360821a,10/27/19,11/1/19,11/13/19,11/18/19
a3d2d387227,7/8/20,7/14/20,7/27/20,7/30/20
115a1e9c1be,7/10/20,7/14/20,7/24/20,7/30/20
bc15dc3917b,7/10/20,7/14/20,7/25/20,7/30/20
d1dfa978950,7/11/20,7/14/20,7/25/20,8/3/20
97b272b6265,7/12/20,7/14/20,7/23/20,7/29/20
0ee2accfcf5,3/22/21,3/27/21,4/6/21,4/13/21
382650bd286,3/23/21,3/27/21,4/8/21,4/15/21
36124daacdb,3/24/21,3/27/21,4/9/21,4/9/21
5b4e9623e45,3/26/21,3/27/21,4/10/21,4/17/21
e8f69dc8914,12/3/21,12/8/21,12/21/21,12/28/21
66291004427,7/9/20,7/15/20,7/28/20,7/31/20
9fe2183c440,7/10/20,7/15/20,7/24/20,7/29/20
095827cefc7,7/12/20,7/15/20,7/29/20,8/1/20
687023a5777,7/13/20,7/15/20,7/29/20,8/5/20
2226c7ac031,7/14/20,7/15/20,7/28/20,8/1/20
a4210ca1172,7/14/20,7/15/20,7/28/20,7/31/20
06124fc1067,3/23/21,3/28/21,4/6/21,4/12/21
8d93a25039d,12/3/21,12/9/21,12/18/21,12/23/21
b2476a3948d,7/10/20,7/16/20,7/24/20,7/28/20
71cba61599e,3/24/21,3/29/21,4/10/21,4/10/21
2849b2d2d58,3/25/21,3/29/21,4/9/21,4/10/21
04a978964cf,3/26/21,3/29/21,4/8/21,4/13/21
1cc4d841487,12/4/21,12/10/21,12/22/21,12/25/21
ceba811ea66,11/1/19,11/4/19,11/11/19,11/17/19
c307e8aa395,7/11/20,7/17/20,7/28/20,8/3/20
76af19a68ba,7/11/20,7/17/20,7/26/20,8/1/20
4544f3a6fc4,7/14/20,7/17/20,7/30/20,8/8/20
10624a16979,3/27/21,3/30/21,4/12/21,4/14/21
6ea222a26d8,11/2/19,11/5/19,11/19/19,11/23/19
077288ebc8c,7/12/20,7/18/20,7/30/20,8/3/20
1db94924c59,7/14/20,7/18/20,7/29/20,8/4/20
fe77837a1f1,3/26/21,3/31/21,4/12/21,4/16/21
b8a315df020,3/27/21,3/31/21,4/12/21,4/12/21
3d24b0d359c,3/29/21,3/31/21,4/10/21,4/15/21
db85b939c99,3/29/21,3/31/21,4/14/21,4/16/21
c302dd44be8,3/30/21,3/31/21,4/14/21,4/22/21
cd92d716e2e,11/2/19,11/6/19,11/14/19,11/20/19
3f9bd334556,7/13/20,7/19/20,7/31/20,8/1/20
1078998b39f,7/14/20,7/19/20,7/30/20,8/1/20
a91a737b64f,7/15/20,7/19/20,8/1/20,8/5/20
4cee8148def,7/18/20,7/19/20,7/26/20,8/4/20
4f5c580808b,3/29/21,4/1/21,4/11/21,4/14/21
8ae32bfb340,12/7/21,12/13/21,12/23/21,12/24/21
00a161b4e5d,2/18/19,2/24/19,3/3/19,3/11/19
acb06cddbb6,2/20/19,2/24/19,3/9/19,3/12/19
4125ab7f16c,2/21/19,2/24/19,3/8/19,3/13/19
a44923d8a13,2/22/19,2/24/19,3/9/19,3/16/19
aa0c489b93c,11/2/19,11/7/19,11/19/19,11/20/19
52e2be7d5c5,11/2/19,11/7/19,11/21/19,11/30/19
f5d7e6d718c,11/4/19,11/7/19,11/21/19,11/27/19
06aa4c4a11e,7/15/20,7/20/20,7/29/20,8/7/20
1578d54b1cc,7/17/20,7/20/20,8/2/20,8/9/20
52f358cc27d,7/18/20,7/20/20,8/1/20,8/10/20
6904cd44608,3/27/21,4/2/21,4/12/21,4/16/21
e63bb1960f4,2/20/19,2/25/19,3/10/19,3/11/19
08ba195deed,2/23/19,2/25/19,3/10/19,3/11/19
eba63432888,11/5/19,11/8/19,11/15/19,11/21/19
76682af27f6,11/6/19,11/8/19,11/21/19,11/22/19
19f4d502040,7/15/20,7/21/20,8/4/20,8/11/20
45ab75a9509,7/15/20,7/21/20,8/4/20,8/6/20
12de31da562,7/16/20,7/21/20,7/29/20,8/6/20
a46fd193db7,3/28/21,4/3/21,4/15/21,4/18/21
f6697fc9173,4/2/21,4/3/21,4/16/21,4/23/21
4a63fc9bf45,2/25/19,2/26/19,3/12/19,3/20/19
52d36639460,11/5/19,11/9/19,11/23/19,11/25/19
9d2ba6b6048,7/16/20,7/22/20,7/29/20,8/4/20
20753a91dd9,7/20/20,7/22/20,8/5/20,8/6/20
164bdc44f29,3/29/21,4/4/21,4/11/21,4/15/21
c6e281e9e34,3/31/21,4/4/21,4/17/21,4/22/21
060735c931f,4/1/21,4/4/21,4/16/21,4/25/21
ee72a44cbca,4/3/21,4/4/21,4/13/21,4/20/21
c8eb96d33e8,7/19/20,7/23/20,7/31/20,8/6/20
ac04ef4a65a,7/21/20,7/23/20,8/5/20,8/7/20
80fc2f1ee1c,3/30/21,4/5/21,4/18/21,4/21/21
bf164991857,2/26/19,2/28/19,3/9/19,3/18/19
af1615de8d1,11/6/19,11/11/19,11/24/19,12/1/19
c05fedebd10,7/18/20,7/24/20,8/6/20,8/14/20
cfda0e6f23d,7/18/20,7/24/20,8/6/20,8/13/20
e2b570233d3,7/18/20,7/24/20,8/6/20,8/9/20
e61e5ccf198,7/20/20,7/24/20,8/5/20,8/13/20
5128eb33f19,7/21/20,7/24/20,7/31/20,8/9/20
6b5c612f850,4/2/21,4/6/21,4/20/21,4/22/21
c20af7a521f,2/24/19,3/1/19,3/9/19,3/12/19
c55c1bb8f81,2/28/19,3/1/19,3/8/19,3/17/19
eeb969c5dc4,11/7/19,11/12/19,11/19/19,11/26/19
e6e67794fa2,7/19/20,7/25/20,8/2/20,8/10/20
87dfa46f1ae,7/21/20,7/25/20,8/4/20,8/13/20
39b1b59433a,7/24/20,7/25/20,8/6/20,8/15/20
c566cf309fa,4/4/21,4/7/21,4/21/21,4/22/21
19971a937b4,11/8/19,11/13/19,11/22/19,11/24/19
b88f61527d4,7/22/20,7/26/20,8/9/20,8/12/20
64fd334522a,7/23/20,7/26/20,8/9/20,8/13/20
2d07334a85d,4/4/21,4/8/21,4/20/21,4/20/21
ce87c870d02,4/6/21,4/8/21,4/17/21,4/25/21
a2296a80934,2/27/19,3/3/19,3/12/19,3/21/19
8cff63a5720,11/10/19,11/14/19,11/23/19,11/26/19
58cedeb86af,7/24/20,7/27/20,8/5/20,8/12/20
68f5f9a46a0,7/22/20,7/28/20,8/10/20,8/17/20
e6aef5d12f5,4/5/21,4/10/21,4/19/21,4/26/21
e3d7b9d5f28,7/23/20,7/29/20,8/7/20,8/15/20
ec323a0ddf7,7/26/20,7/29/20,8/12/20,8/16/20
6d2a073aea2,7/27/20,7/29/20,8/9/20,8/13/20
ac5ba29df7e,2/28/19,3/6/19,3/19/19,3/28/19
24d9ba7bb47,7/29/20,7/30/20,8/11/20,8/14/20
5d2b825d1bf,7/29/20,7/30/20,8/13/20,8/22/20
2cc77206988,3/3/19,3/7/19,3/15/19,3/21/19
a95feefce0f,7/26/20,7/31/20,8/13/20,8/19/20
c74a91c5780,7/27/20,7/31/20,8/9/20,8/17/20
26e8c7fc3ac,7/28/20,7/31/20,8/8/20,8/14/20
2aa4c3eb05f,3/3/19,3/8/19,3/17/19,3/22/19
a40a7ee6f89,7/30/20,8/1/20,8/10/20,8/16/20
c1e7b7d5279,3/5/19,3/9/19,3/19/19,3/26/19
75a8f2d7121,3/5/19,3/9/19,3/21/19,3/30/19
a3241b13131,3/7/19,3/9/19,3/20/19,3/29/19
09204eef11b,3/7/19,3/9/19,3/22/19,3/25/19
8100633c439,7/28/20,8/2/20,8/15/20,8/20/20
d510b48420f,11/15/19,11/21/19,12/4/19,12/6/19
6c399724394,7/29/20,8/3/20,8/12/20,8/15/20
f1783a2ff74,7/31/20,8/3/20,8/14/20,8/18/20
0800441c927,7/31/20,8/3/20,8/12/20,8/19/20
2091af8788f,4/15/21,4/16/21,4/26/21,5/5/21
5b18de667ee,3/6/19,3/11/19,3/20/19,3/26/19
937b81d816e,11/17/19,11/22/19,12/6/19,12/11/19
de76eef0b8c,7/31/20,8/4/20,8/18/20,8/21/20
40bdad85be9,3/6/19,3/12/19,3/20/19,3/27/19
d61b8fd063c,7/30/20,8/5/20,8/16/20,8/24/20
0e187b996e5,7/31/20,8/5/20,8/17/20,8/17/20
ad5942e8899,7/31/20,8/5/20,8/17/20,8/24/20
a75b6e7b0e0,7/31/20,8/5/20,8/19/20,8/20/20
df0e3f00c15,8/1/20,8/5/20,8/14/20,8/19/20
f46dd25aa6e,8/4/20,8/5/20,8/18/20,8/24/20
ea29313ec22,8/3/20,8/6/20,8/15/20,8/23/20
00d77df7cd4,4/15/21,4/19/21,4/29/21,5/3/21
3654cfd3cb0,3/12/19,3/14/19,3/28/19,4/4/19
bb2de7e0aeb,8/1/20,8/7/20,8/19/20,8/21/20
210bb7ec03d,8/2/20,8/7/20,8/14/20,8/18/20
51f8a5f3432,8/4/20,8/7/20,8/15/20,8/20/20
82e9e28fe27,8/4/20,8/7/20,8/17/20,8/22/20
4d602d5b268,4/14/21,4/20/21,5/4/21,5/6/21
b34ff13b4c2,4/14/21,4/20/21,5/1/21,5/8/21
8c277187539,4/16/21,4/20/21,5/3/21,5/9/21
21b1df06fae,4/16/21,4/20/21,4/30/21,5/4/21
0fb2864578c,3/10/19,3/15/19,3/26/19,4/4/19
2750a4e2603,3/10/19,3/15/19,3/24/19,3/30/19
af8f6037e11,3/13/19,3/15/19,3/27/19,4/2/19
963e0ba1bb2,8/2/20,8/8/20,8/15/20,8/21/20
0993db52fbb,8/3/20,8/8/20,8/20/20,8/21/20
68fa676e9c4,8/7/20,8/8/20,8/18/20,8/25/20
5bce2a693a6,4/18/21,4/21/21,5/2/21,5/10/21
bc672350f11,8/4/20,8/9/20,8/18/20,8/21/20
fa507e424d3,8/4/20,8/9/20,8/20/20,8/27/20
9cbf343535b,8/5/20,8/9/20,8/21/20,8/24/20
41bb230b6cb,3/12/19,3/17/19,3/28/19,4/2/19
e5174892c89,8/5/20,8/10/20,8/21/20,8/22/20
e38bd99761d,8/6/20,8/10/20,8/19/20,8/24/20
33355a73cf1,8/6/20,8/10/20,8/24/20,8/26/20
3a5d47c3a27,8/6/20,8/10/20,8/24/20,9/1/20
ac64ee138cd,8/6/20,8/10/20,8/22/20,8/26/20
86c0458f381,8/8/20,8/10/20,8/23/20,8/26/20
290ee9c02de,8/5/20,8/11/20,8/24/20,8/25/20
1a85aae27c3,4/18/21,4/24/21,5/4/21,5/8/21
8f803f7a31e,4/19/21,4/24/21,5/4/21,5/5/21
a0c63f555b8,4/19/21,4/24/21,5/3/21,5/8/21
89f56f6c0d5,4/22/21,4/24/21,5/5/21,5/8/21
cb38d5a0c13,11/29/19,11/30/19,12/14/19,12/15/19
6ebaab247a3,8/7/20,8/12/20,8/26/20,8/29/20
857fe2ebfb0,8/8/20,8/12/20,8/23/20,8/29/20
ec0e366f9f2,8/8/20,8/12/20,8/26/20,9/2/20
a579045204d,4/19/21,4/25/21,5/9/21,5/11/21
55781c25fb0,4/20/21,4/25/21,5/9/21,5/16/21
adf878960b2,4/21/21,4/25/21,5/6/21,5/15/21
3c21f90c0b7,3/16/19,3/20/19,4/3/19,4/4/19
f4611295bff,8/11/20,8/13/20,8/24/20,9/2/20
15753dbbbb7,4/21/21,4/26/21,5/8/21,5/11/21
4d5b52241bb,11/27/19,12/2/19,12/12/19,12/18/19
ed9ee37dd6a,8/8/20,8/14/20,8/28/20,8/31/20
030cc299c06,4/24/21,4/27/21,5/5/21,5/11/21
fc6edceb1ed,3/17/19,3/22/19,4/3/19,4/9/19
5737abcc6ec,12/1/19,12/3/19,12/15/19,12/24/19
4ee44e20a55,12/2/19,12/3/19,12/15/19,12/19/19
7f7a5e954a1,8/9/20,8/15/20,8/27/20,9/2/20
71b3a266ac2,4/23/21,4/28/21,5/8/21,5/15/21
6bea7d1299b,3/20/19,3/23/19,4/2/19,4/10/19
f289e4c6271,11/28/19,12/4/19,12/16/19,12/19/19
caa88314f02,12/1/19,12/4/19,12/17/19,12/19/19
e5f0338ac1b,8/10/20,8/16/20,8/27/20,8/29/20
16f80ad3d5c,8/11/20,8/16/20,8/30/20,9/4/20
d70d177f096,4/25/21,4/29/21,5/6/21,5/13/21
1840ecc37e5,4/26/21,4/29/21,5/7/21,5/13/21
ec84565dc5c,12/2/19,12/5/19,12/19/19,12/26/19
17105f02c21,8/11/20,8/17/20,8/28/20,9/4/20
8c06bcbf7ed,8/12/20,8/17/20,8/31/20,9/7/20
ec97ed383a9,8/15/20,8/17/20,8/31/20,9/9/20
ad7957815be,8/16/20,8/17/20,8/24/20,9/2/20
0d02cf7e22b,4/25/21,4/30/21,5/13/21,5/17/21
f0da1fb2aa6,4/26/21,4/30/21,5/12/21,5/13/21
9ab71321aa0,8/12/20,8/18/20,8/29/20,9/6/20
1047ffc6d42,4/25/21,5/1/21,5/9/21,5/13/21
9f049168156,4/25/21,5/1/21,5/13/21,5/17/21
ba89d78d186,4/25/21,5/1/21,5/14/21,5/16/21
920f41cad67,4/28/21,5/1/21,5/15/21,5/21/21
c147227f9af,4/28/21,5/1/21,5/11/21,5/14/21
de9f9b99f93,4/28/21,5/1/21,5/14/21,5/19/21
e2ea8f00cf7,4/29/21,5/1/21,5/13/21,5/18/21
685f40fa473,12/3/19,12/7/19,12/17/19,12/23/19
77f2c68bfb0,12/4/19,12/7/19,12/21/19,12/24/19
c6a3417461d,3/24/19,3/27/19,4/10/19,4/13/19
3771410c3e5,12/2/19,12/8/19,12/21/19,12/22/19
f746df90b56,8/14/20,8/20/20,9/2/20,9/7/20
cbf45dda5f9,8/14/20,8/20/20,8/29/20,9/2/20
a730b25a08f,4/27/21,5/3/21,5/16/21,5/20/21
5cae7f125a8,4/27/21,5/3/21,5/16/21,5/18/21
e13657d5d6e,4/28/21,5/3/21,5/10/21,5/14/21
991f12f08a3,4/28/21,5/3/21,5/12/21,5/20/21
5c7e6e573b3,3/22/19,3/28/19,4/11/19,4/16/19
e967d706521,12/3/19,12/9/19,12/20/19,12/27/19
2ac5cce1ff2,12/5/19,12/9/19,12/23/19,12/26/19
ecbf9214895,8/17/20,8/21/20,8/28/20,9/4/20
129973d056c,4/28/21,5/4/21,5/17/21,5/23/21
98991a63ca1,4/29/21,5/4/21,5/12/21,5/17/21
46b95594786,4/29/21,5/4/21,5/16/21,5/22/21
18c08ecd8d7,5/2/21,5/4/21,5/17/21,5/23/21
665bb1bf11a,5/3/21,5/4/21,5/15/21,5/23/21
1c7e74c6b11,8/20/20,8/22/20,9/5/20,9/10/20
45303a38f37,4/30/21,5/5/21,5/18/21,5/25/21
5b7b4ef1b79,5/1/21,5/5/21,5/15/21,5/19/21
9b32e283218,5/3/21,5/5/21,5/16/21,5/24/21
034eb358739,12/8/19,12/11/19,12/23/19,12/28/19
03c0da8518a,4/30/21,5/6/21,5/14/21,5/20/21
c202553139b,5/4/21,5/6/21,5/18/21,5/21/21
269f47fafc7,3/26/19,3/31/19,4/8/19,4/14/19
5829aa4017e,8/22/20,8/24/20,9/6/20,9/7/20
f14cf0b0f9d,8/23/20,8/24/20,9/6/20,9/12/20
4727b8ffb88,5/3/21,5/7/21,5/19/21,5/25/21
065287474d4,5/3/21,5/7/21,5/14/21,5/20/21
76ca09b0915,3/30/19,4/1/19,4/9/19,4/17/19
1b54a52a609,8/22/20,8/25/20,9/2/20,9/10/20
108667938fd,3/28/19,4/2/19,4/9/19,4/14/19
793eeb8867a,3/29/19,4/2/19,4/9/19,4/15/19
ff887278847,8/21/20,8/26/20,9/7/20,9/7/20
778f1b1c398,8/23/20,8/26/20,9/6/20,9/13/20
67cc5e5576b,5/3/21,5/9/21,5/22/21,5/23/21
696983dacb5,5/4/21,5/9/21,5/20/21,5/26/21
7f8efb6cdbd,5/6/21,5/9/21,5/18/21,5/24/21
b2d321cb967,8/21/20,8/27/20,9/3/20,9/10/20
6511d959299,8/21/20,8/27/20,9/7/20,9/16/20
a609ce40d6d,8/21/20,8/27/20,9/9/20,9/17/20
337928029b3,8/25/20,8/27/20,9/9/20,9/15/20
88088c1c6ab,5/4/21,5/10/21,5/23/21,5/28/21
228e20e5fb6,12/15/19,12/16/19,12/30/19,1/5/20
a8dc3be3999,8/24/20,8/28/20,9/9/20,9/14/20
3dde7563f32,5/5/21,5/11/21,5/22/21,5/25/21
aa50edf0396,8/24/20,8/29/20,9/12/20,9/14/20
6428a01cdfc,8/26/20,8/29/20,9/12/20,9/20/20
ab0106c9189,8/27/20,8/29/20,9/8/20,9/16/20
debc0509bd2,4/1/19,4/7/19,4/14/19,4/18/19
714570bdcc5,4/6/19,4/7/19,4/20/19,4/22/19
d008049f946,8/25/20,8/31/20,9/13/20,9/15/20
fde127160a0,8/27/20,8/31/20,9/11/20,9/16/20
9387e7fbff5,8/27/20,8/31/20,9/13/20,9/21/20
adfa65a4d92,8/29/20,8/31/20,9/12/20,9/16/20
03945437f67,5/13/21,5/14/21,5/25/21,6/1/21
6eea0876d39,4/5/19,4/8/19,4/21/19,4/23/19
4ed31b9758c,12/14/19,12/20/19,12/27/19,1/5/20
c33be29ccbc,8/26/20,9/1/20,9/15/20,9/15/20
c641cfe251d,8/28/20,9/1/20,9/10/20,9/15/20
14de257bc42,4/3/19,4/9/19,4/22/19,4/24/19
6bc9d0b1f20,4/6/19,4/9/19,4/23/19,4/27/19
a190561d102,12/17/19,12/21/19,1/4/20,1/5/20
e1575312de7,8/27/20,9/2/20,9/11/20,9/17/20
312c5ab3738,4/5/19,4/10/19,4/19/19,4/23/19
eb3d3c96c39,8/31/20,9/3/20,9/16/20,9/18/20
c2eb4f6260e,5/13/21,5/17/21,5/30/21,6/2/21
0a59eb4bc56,5/14/21,5/17/21,5/30/21,6/4/21
9404a8b6cd4,8/30/20,9/4/20,9/14/20,9/15/20
cb8e1668d5e,8/30/20,9/4/20,9/11/20,9/15/20
579c5e87ec7,8/30/20,9/4/20,9/13/20,9/21/20
829ccd816d0,8/30/20,9/4/20,9/18/20,9/20/20
2329edd8dcd,8/31/20,9/4/20,9/17/20,9/17/20
253503bdc21,9/2/20,9/4/20,9/13/20,9/20/20
0b8000b47b0,5/16/21,5/18/21,5/30/21,6/2/21
15e7100ae9b,9/3/20,9/5/20,9/17/20,9/20/20
b5a3391d0f1,9/3/20,9/5/20,9/19/20,9/20/20
e0ceb9eb70f,9/4/20,9/5/20,9/19/20,9/24/20
864504a5caa,5/13/21,5/19/21,5/27/21,6/3/21
90d0e36348e,5/13/21,5/19/21,6/1/21,6/9/21
534ffc08f5c,5/16/21,5/19/21,5/29/21,6/2/21
c46d7819c55,5/16/21,5/19/21,5/27/21,6/4/21
aab467ccda8,4/11/19,4/13/19,4/20/19,4/28/19
fdff37223f4,9/5/20,9/6/20,9/19/20,9/25/20
cb1679a0a28,5/16/21,5/20/21,5/27/21,6/2/21
08fdf587844,4/10/19,4/14/19,4/25/19,4/26/19
fef153d658a,9/4/20,9/7/20,9/17/20,9/25/20
6902a65ed17,9/5/20,9/7/20,9/21/20,9/21/20
a226173520f,9/6/20,9/7/20,9/19/20,9/26/20
73630229639,5/16/21,5/21/21,5/31/21,6/7/21
6e8eda5898d,5/17/21,5/21/21,6/4/21,6/12/21
194e6287285,5/18/21,5/21/21,6/2/21,6/6/21
9cfada9671c,9/3/20,9/8/20,9/22/20,9/27/20
b9aec06b151,5/16/21,5/22/21,5/29/21,6/4/21
9fde382f746,4/10/19,4/16/19,4/27/19,5/4/19
3124306911c,4/14/19,4/16/19,4/28/19,5/5/19
5b51b61591f,12/27/19,12/28/19,1/11/20,1/19/20
9dd1b5d7abd,9/3/20,9/9/20,9/20/20,9/24/20
19c40b93a01,5/18/21,5/23/21,6/4/21,6/13/21
ff8754f37b4,5/18/21,5/23/21,6/2/21,6/3/21
8525d0c42c2,5/19/21,5/23/21,6/6/21,6/11/21
4072bd82aa9,5/20/21,5/23/21,6/6/21,6/14/21
e3605a2a65d,5/22/21,5/23/21,5/31/21,6/8/21
4844d9cc89f,9/7/20,9/10/20,9/17/20,9/24/20
c56ce0d540c,5/19/21,5/24/21,6/4/21,6/11/21
6ea05cf2c15,5/20/21,5/24/21,5/31/21,6/5/21
79478bd2a05,5/23/21,5/24/21,6/1/21,6/9/21
0a18944c241,12/29/19,12/30/19,1/6/20,1/14/20
6b41619ddd7,9/5/20,9/11/20,9/24/20,9/27/20
6f390f60d4d,9/5/20,9/11/20,9/23/20,9/25/20
1d7aa151d5c,9/6/20,9/11/20,9/20/20,9/23/20
c708346ab03,9/10/20,9/11/20,9/23/20,9/28/20
d294176364e,9/10/20,9/11/20,9/19/20,9/28/20
3986cf787db,5/21/21,5/25/21,6/2/21,6/6/21
71b06281697,4/13/19,4/19/19,5/2/19,5/3/19
38aa390955c,9/6/20,9/12/20,9/21/20,9/22/20
7b8d47d065a,9/9/20,9/12/20,9/26/20,9/30/20
1dcadf1204e,9/9/20,9/12/20,9/23/20,9/25/20
ae3570101ca,9/11/20,9/12/20,9/26/20,9/29/20
735d1ed5d65,5/21/21,5/26/21,6/3/21,6/12/21
a35cbb4e6dd,5/23/21,5/26/21,6/2/21,6/8/21
7188551b9ee,4/15/19,4/20/19,4/30/19,5/8/19
8e2bd55ee53,4/16/19,4/21/19,4/29/19,5/2/19
444e76d93ad,12/28/19,1/2/20,1/11/20,1/14/20
ab67a2e0ae5,9/8/20,9/14/20,9/28/20,9/30/20
f9558d75d96,5/23/21,5/28/21,6/11/21,6/17/21
26c573825f7,5/25/21,5/28/21,6/11/21,6/20/21
c9bd31e5a84,12/28/19,1/3/20,1/17/20,1/24/20
afada51d74d,12/30/19,1/3/20,1/11/20,1/17/20
1c357ef0beb,9/9/20,9/15/20,9/23/20,9/26/20
9e926ee4aee,9/10/20,9/15/20,9/23/20,9/27/20
60eeff28498,5/23/21,5/29/21,6/5/21,6/8/21
025462808f5,5/27/21,5/29/21,6/9/21,6/18/21
344674df67d,4/20/19,4/23/19,5/1/19,5/6/19
882fedee012,4/22/19,4/23/19,5/7/19,5/15/19
ec0e9bdefc3,1/2/20,1/4/20,1/18/20,1/27/20
363cdae379b,9/10/20,9/16/20,9/24/20,9/30/20
3ede4d4f113,9/11/20,9/16/20,9/30/20,10/2/20
42755ac8eee,9/12/20,9/16/20,9/30/20,10/1/20
bce37b4bd43,4/19/19,4/24/19,5/7/19,5/7/19
d93a6a37b72,1/2/20,1/5/20,1/14/20,1/20/20
006b12955f1,1/4/20,1/5/20,1/18/20,1/25/20
20b1969827a,1/4/20,1/5/20,1/14/20,1/21/20
a69ee224e14,9/11/20,9/17/20,9/28/20,9/28/20
9ab14a6eedf,9/11/20,9/17/20,9/26/20,9/30/20
e33b16bd703,9/14/20,9/17/20,9/28/20,10/2/20
b8e3bc0d5df,5/27/21,5/31/21,6/10/21,6/13/21
5f233735511,4/19/19,4/25/19,5/5/19,5/13/19
dbdcf12c383,1/4/20,1/6/20,1/19/20,1/24/20
595684a852f,5/26/21,6/1/21,6/12/21,6/18/21
d80bf3aea1f,4/21/19,4/26/19,5/10/19,5/13/19
174dd534bff,1/5/20,1/7/20,1/20/20,1/22/20
e889af51f12,9/18/20,9/19/20,10/1/20,10/4/20
756954d92f9,5/30/21,6/2/21,6/11/21,6/16/21
21da00cae25,4/26/19,4/27/19,5/9/19,5/17/19
28e64cb4dc2,1/4/20,1/8/20,1/21/20,1/26/20
08902ed7362,1/6/20,1/8/20,1/16/20,1/22/20
f8d7f37fb2a,9/17/20,9/20/20,9/29/20,10/7/20
d598f1ef63d,5/29/21,6/3/21,6/16/21,6/24/21
a00f19ebee7,5/30/21,6/3/21,6/14/21,6/17/21
f929cf2cffc,6/1/21,6/3/21,6/17/21,6/25/21
91521c53676,4/22/19,4/28/19,5/9/19,5/12/19
b13f98c7935,1/4/20,1/9/20,1/22/20,1/24/20
bdfaeb02926,1/5/20,1/9/20,1/20/20,1/24/20
5c67c86d218,9/18/20,9/21/20,10/5/20,10/6/20
53e36e6bc2b,9/20/20,9/21/20,10/3/20,10/11/20
7238ab9f756,5/29/21,6/4/21,6/17/21,6/20/21
691b02c2dbc,4/24/19,4/29/19,5/12/19,5/15/19
f271c661bae,4/24/19,4/29/19,5/12/19,5/20/19
a5f4f1673c2,1/5/20,1/10/20,1/19/20,1/24/20
9ba349ec232,1/8/20,1/10/20,1/20/20,1/26/20
ac574f8dc08,5/31/21,6/5/21,6/15/21,6/20/21
4d274e1e593,6/3/21,6/5/21,6/12/21,6/19/21
f88c5cf75e7,4/25/19,4/30/19,5/10/19,5/17/19
d1230de6ac5,4/26/19,4/30/19,5/13/19,5/18/19
f4ec584a8bb,1/5/20,1/11/20,1/23/20,1/30/20
87c5a2e30de,1/5/20,1/11/20,1/22/20,1/27/20
118849c54ce,1/5/20,1/11/20,1/22/20,1/24/20
925304be214,1/6/20,1/11/20,1/23/20,1/30/20
4debc4aff98,1/7/20,1/11/20,1/22/20,1/30/20
df519d29550,6/1/21,6/6/21,6/16/21,6/18/21
4a8b19ac59f,6/3/21,6/6/21,6/15/21,6/19/21
05938a9b3c0,6/3/21,6/6/21,6/19/21,6/27/21
1b133d0949e,1/8/20,1/12/20,1/23/20,1/31/20
09a3f92c880,1/11/20,1/12/20,1/26/20,2/2/20
04156b92dac,9/18/20,9/24/20,10/7/20,10/8/20
b9193195f32,9/21/20,9/24/20,10/1/20,10/9/20
53dfe615721,9/21/20,9/24/20,10/8/20,10/12/20
fed2bd674a7,6/1/21,6/7/21,6/18/21,6/19/21
81ec80ccc15,6/2/21,6/7/21,6/17/21,6/22/21
a0a228facc6,6/3/21,6/7/21,6/18/21,6/25/21
c416270fc53,9/19/20,9/25/20,10/3/20,10/9/20
577b4daf529,9/19/20,9/25/20,10/9/20,10/12/20
c8ad6d63fce,4/27/19,5/3/19,5/16/19,5/18/19
8ed3be44bc8,1/11/20,1/15/20,1/26/20,2/3/20
7a8115b7f3e,1/13/20,1/15/20,1/26/20,1/30/20
a56c4317a86,9/23/20,9/27/20,10/11/20,10/19/20
b832f357c4c,6/4/21,6/10/21,6/24/21,6/29/21
cb2549bc169,5/2/19,5/5/19,5/18/19,5/23/19
c3df33ef98d,9/22/20,9/28/20,10/11/20,10/14/20
2d365eef9e4,9/27/20,9/28/20,10/12/20,10/19/20
a964f3dcea9,6/6/21,6/11/21,6/22/21,6/26/21
cef61f1e308,6/6/21,6/11/21,6/18/21,6/25/21
630e408423f,6/6/21,6/11/21,6/24/21,6/26/21
77ab79ada2e,6/7/21,6/11/21,6/25/21,6/27/21
a20ebb1981b,1/12/20,1/17/20,1/27/20,2/5/20
b70f8204caf,9/26/20,9/29/20,10/13/20,10/21/20
2b59a8b011a,6/6/21,6/12/21,6/23/21,6/23/21
60cb7a29aaa,5/2/19,5/7/19,5/16/19,5/25/19
f0c6351e4da,9/24/20,9/30/20,10/9/20,10/13/20
9bd2eab5361,9/24/20,9/30/20,10/12/20,10/15/20
c89eccbfb2a,5/2/19,5/8/19,5/18/19,5/24/19
e36ff94b7b6,9/26/20,10/1/20,10/13/20,10/16/20
31b24744a60,9/26/20,10/2/20,10/9/20,10/13/20
a0f64b80f83,9/26/20,10/2/20,10/11/20,10/12/20
29e3fb44cfc,9/26/20,10/2/20,10/14/20,10/21/20
60fa7580075,1/15/20,1/21/20,1/28/20,2/1/20
8d728269d3c,1/20/20,1/21/20,2/2/20,2/7/20
acb2e113592,9/27/20,10/3/20,10/17/20,10/25/20
0e0d7b6e1cf,9/30/20,10/3/20,10/17/20,10/20/20
a6e8fc6ba8d,5/6/19,5/11/19,5/21/19,5/28/19
34fe09291ef,1/21/20,1/22/20,2/1/20,2/8/20
715fc7f9042,10/3/20,10/4/20,10/18/20,10/26/20
637bd5bb2aa,5/10/19,5/12/19,5/26/19,5/26/19
6f834215275,1/18/20,1/23/20,2/5/20,2/8/20
8d8da4e8d90,10/3/20,10/5/20,10/18/20,10/23/20
a972ddc9e22,6/13/21,6/18/21,6/26/21,7/2/21
2a800d075ed,10/2/20,10/6/20,10/17/20,10/22/20
1cef83aebae,10/2/20,10/6/20,10/14/20,10/19/20
1a6965aa9d8,10/5/20,10/6/20,10/19/20,10/25/20
ccdc8916b0b,5/13/19,5/14/19,5/27/19,6/5/19
4b642f614b1,1/19/20,1/25/20,2/4/20,2/5/20
5c1c38b8b2a,1/21/20,1/25/20,2/4/20,2/6/20
9f77daa983b,10/3/20,10/7/20,10/15/20,10/20/20
8e49ae75fc5,10/5/20,10/7/20,10/19/20,10/25/20
9837cb3b55b,6/14/21,6/20/21,7/1/21,7/6/21
7ebe7c53b8b,1/25/20,1/26/20,2/7/20,2/11/20
cccf776b2e5,10/2/20,10/8/20,10/19/20,10/25/20
dd9348249fc,10/3/20,10/8/20,10/21/20,10/26/20
0c73b9202b5,10/4/20,10/8/20,10/18/20,10/25/20
c375bc06c20,10/4/20,10/8/20,10/21/20,10/29/20
f54fe5fc021,6/17/21,6/21/21,7/3/21,7/12/21
8f192f879cb,10/3/20,10/9/20,10/21/20,10/24/20
1f5472e80eb,10/5/20,10/9/20,10/19/20,10/25/20
a65a650fe0d,10/7/20,10/9/20,10/20/20,10/27/20
25de0f6509c,6/17/21,6/22/21,7/2/21,7/4/21
62fbe229dd3,6/18/21,6/22/21,6/29/21,7/6/21
a7586616657,6/18/21,6/22/21,6/30/21,7/8/21
aac5b578d11,6/21/21,6/22/21,7/2/21,7/8/21
e62a1d73337,5/13/19,5/17/19,5/31/19,5/31/19
7de73c7c422,5/14/19,5/17/19,5/28/19,6/5/19
5508552ce09,1/22/20,1/28/20,2/6/20,2/7/20
13101e150a2,1/23/20,1/28/20,2/4/20,2/9/20
ca26f902f91,1/24/20,1/28/20,2/8/20,2/12/20
c6ae92bfd8a,1/26/20,1/28/20,2/10/20,2/17/20
4a31368325f,10/4/20,10/10/20,10/19/20,10/21/20
a30159a8772,10/5/20,10/10/20,10/19/20,10/24/20
1e41533e4d7,10/6/20,10/10/20,10/24/20,10/26/20
f6f531266af,5/14/19,5/18/19,5/29/19,6/2/19
275e2d8204d,10/5/20,10/11/20,10/24/20,10/26/20
baf223d3699,10/5/20,10/11/20,10/19/20,10/22/20
8b99a71e858,10/6/20,10/11/20,10/20/20,10/24/20
52c8c2acd16,6/18/21,6/24/21,7/3/21,7/11/21
66d0229073d,5/17/19,5/19/19,5/31/19,6/2/19
533fa502b32,5/17/19,5/19/19,6/2/19,6/4/19
56a18f4c8db,5/18/19,5/19/19,5/31/19,6/9/19
d65671153a1,1/25/20,1/30/20,2/11/20,2/11/20
5f17c821a29,10/6/20,10/12/20,10/22/20,10/26/20
43d7ae2f168,10/6/20,10/12/20,10/26/20,10/26/20
89b7bb1c2d7,10/8/20,10/12/20,10/22/20,10/26/20
bf32a275475,1/28/20,1/31/20,2/14/20,2/17/20
0e4c818bccd,1/30/20,1/31/20,2/12/20,2/18/20
221252fc25b,10/7/20,10/13/20,10/26/20,10/28/20
9b4cabbddc3,10/8/20,10/13/20,10/27/20,10/27/20
cbd2726843c,5/17/19,5/21/19,5/28/19,6/4/19
1a0dde083d2,5/19/19,5/21/19,6/2/19,6/4/19
a763c0ff64e,5/19/19,5/21/19,6/2/19,6/4/19
6017bd1857f,10/8/20,10/14/20,10/21/20,10/27/20
51ff7aa23f6,10/13/20,10/14/20,10/28/20,11/4/20
12940131f4e,6/22/21,6/27/21,7/10/21,7/10/21
48552e4023e,5/16/19,5/22/19,6/3/19,6/6/19
cbd508111d7,5/17/19,5/22/19,6/5/19,6/6/19
e7023c6eb90,5/19/19,5/22/19,6/5/19,6/8/19
d73b45dda08,1/27/20,2/2/20,2/12/20,2/18/20
7c16baa4675,10/10/20,10/16/20,10/30/20,11/3/20
c0d82cf5893,10/14/20,10/16/20,10/26/20,11/4/20
3d65ee1d621,10/15/20,10/16/20,10/30/20,10/31/20
ac030f78526,6/25/21,6/29/21,7/12/21,7/19/21
53eb665dc20,1/29/20,2/4/20,2/14/20,2/19/20
d27f93d70ec,10/12/20,10/17/20,10/27/20,10/28/20
03ac94cda5c,10/13/20,10/17/20,10/24/20,10/30/20
a5be9c216e6,2/2/20,2/5/20,2/18/20,2/24/20
7ef30e52817,2/3/20,2/5/20,2/18/20,2/25/20
23e43679f11,10/15/20,10/18/20,10/27/20,11/5/20
caaa5399c02,10/17/20,10/18/20,10/31/20,11/3/20
4c70b57f6b5,6/27/21,7/1/21,7/13/21,7/16/21
5fc5ee326a3,2/4/20,2/6/20,2/17/20,2/21/20
56e0f98e049,10/13/20,10/19/20,10/27/20,10/31/20
63bc48dd0ee,10/18/20,10/19/20,11/2/20,11/8/20
3447f6f0f40,10/18/20,10/19/20,11/1/20,11/4/20
72e1fbae273,5/23/19,5/27/19,6/8/19,6/14/19
10a98a292c6,2/6/20,2/7/20,2/17/20,2/25/20
8e4fdedf6bb,10/14/20,10/20/20,10/31/20,11/7/20
cf56989fff0,10/16/20,10/20/20,11/2/20,11/8/20
cbb47ea3229,10/17/20,10/20/20,10/31/20,11/6/20
9fa7016ac9b,7/1/21,7/3/21,7/15/21,7/22/21
eae7f36e13d,2/3/20,2/8/20,2/16/20,2/21/20
8ab3246397d,2/3/20,2/8/20,2/22/20,3/1/20
f1cce5bafbb,2/5/20,2/8/20,2/16/20,2/25/20
ffca9160561,2/7/20,2/8/20,2/21/20,2/25/20
1707e8371d8,10/16/20,10/21/20,11/3/20,11/5/20
629119b870c,2/3/20,2/9/20,2/23/20,2/26/20
4bc478b50db,2/5/20,2/9/20,2/20/20,2/27/20
b4c13cb6fb4,2/6/20,2/9/20,2/21/20,3/1/20
17c0e18001d,2/6/20,2/9/20,2/23/20,2/29/20
aa4f2d0e3d6,10/19/20,10/22/20,11/5/20,11/13/20
50418957fcd,10/20/20,10/22/20,11/2/20,11/7/20
06579f894c2,5/24/19,5/30/19,6/10/19,6/15/19
515c21a8cba,5/26/19,5/30/19,6/13/19,6/20/19
ea22405ccd4,2/8/20,2/10/20,2/18/20,2/27/20
89e8ee49a77,10/18/20,10/23/20,11/3/20,11/10/20
a7ebda27f18,10/19/20,10/23/20,11/3/20,11/8/20
5cce6dc6963,10/20/20,10/23/20,10/31/20,11/7/20
7908abdfbe0,10/20/20,10/23/20,11/2/20,11/9/20
ddd641d6d7c,10/20/20,10/23/20,11/6/20,11/11/20
a08921aae9e,10/21/20,10/23/20,10/30/20,11/6/20
b9c65cd6f79,7/2/21,7/6/21,7/17/21,7/24/21
bdb457fce93,5/29/19,5/31/19,6/14/19,6/19/19
fd28b10d7e7,2/5/20,2/11/20,2/24/20,2/27/20
5a18a83efd6,2/5/20,2/11/20,2/22/20,2/25/20
b3fb38a4738,2/5/20,2/11/20,2/25/20,2/26/20
7d13f52ddf2,2/8/20,2/11/20,2/24/20,2/27/20
c001b39a106,2/10/20,2/11/20,2/25/20,2/28/20
38d6f4cd897,10/21/20,10/24/20,11/2/20,11/8/20
b5ee8e993f7,7/2/21,7/7/21,7/20/21,7/23/21
4b5220d11b9,5/26/19,6/1/19,6/11/19,6/20/19
24c782a1156,5/30/19,6/1/19,6/14/19,6/20/19
19cd14e714d,2/6/20,2/12/20,2/22/20,2/25/20
6a7c0b006dd,2/7/20,2/12/20,2/19/20,2/24/20
324711c8b5c,2/8/20,2/12/20,2/24/20,2/25/20
7f85f208c7b,2/8/20,2/12/20,2/25/20,3/4/20
447b0921d43,2/10/20,2/12/20,2/26/20,2/29/20
9d062a61c80,2/11/20,2/12/20,2/25/20,2/27/20
d512563908b,10/19/20,10/25/20,11/5/20,11/6/20
ad2dd7729ba,10/20/20,10/25/20,11/7/20,11/9/20
ec93055fe08,7/4/21,7/8/21,7/22/21,7/23/21
a8982d88bba,7/4/21,7/8/21,7/21/21,7/22/21
5a97b5d5260,7/5/21,7/8/21,7/18/21,7/22/21
aab6026cd41,7/5/21,7/8/21,7/17/21,7/23/21
264eaed636b,7/6/21,7/8/21,7/22/21,7/24/21
c4b49ab71ea,2/8/20,2/13/20,2/25/20,2/29/20
505e1852703,2/10/20,2/13/20,2/26/20,3/3/20
771d5857957,10/21/20,10/26/20,11/5/20,11/8/20
8cf563f7de7,10/22/20,10/26/20,11/8/20,11/12/20
a62fa9b3786,10/25/20,10/26/20,11/6/20,11/12/20
982bb16fb29,7/3/21,7/9/21,7/16/21,7/22/21
e6b9e2af341,7/5/21,7/9/21,7/18/21,7/27/21
c5030165109,7/5/21,7/9/21,7/20/21,7/23/21
029d69c29a9,2/9/20,2/14/20,2/23/20,2/27/20
7774487a70d,2/13/20,2/14/20,2/25/20,3/3/20
2dcca829320,10/23/20,10/27/20,11/7/20,11/16/20
40e9514dfe7,10/23/20,10/27/20,11/4/20,11/8/20
03d2d0ae1e3,10/24/20,10/27/20,11/5/20,11/11/20
42526ea144d,7/4/21,7/10/21,7/20/21,7/21/21
d23c16208d6,2/10/20,2/15/20,2/24/20,2/28/20
003de6e29c0,2/10/20,2/15/20,2/26/20,2/27/20
41289477668,2/14/20,2/15/20,2/27/20,3/4/20
f1cf8c9d13d,10/22/20,10/28/20,11/10/20,11/18/20
8cfb3a87814,10/22/20,10/28/20,11/9/20,11/9/20
44f1e919578,10/24/20,10/28/20,11/11/20,11/14/20
7923a873b98,10/25/20,10/28/20,11/9/20,11/16/20
8019857ae05,10/26/20,10/28/20,11/11/20,11/20/20
dd859752dae,7/5/21,7/11/21,7/25/21,7/25/21
f24a398a9d3,2/11/20,2/16/20,2/24/20,2/27/20
9a240c9092c,10/23/20,10/29/20,11/11/20,11/13/20
3a76eb250d2,10/23/20,10/29/20,11/9/20,11/12/20
89199f24064,10/23/20,10/29/20,11/7/20,11/14/20
16760961eca,10/24/20,10/29/20,11/9/20,11/10/20
b3b8dd95176,10/24/20,10/29/20,11/10/20,11/14/20
05fe810e875,10/26/20,10/29/20,11/9/20,11/14/20
6833c268de7,10/26/20,10/29/20,11/12/20,11/19/20
3442908fe5b,10/26/20,10/29/20,11/12/20,11/17/20
ae4bc67fbbc,10/26/20,10/29/20,11/10/20,11/14/20
4c6d3280c29,7/6/21,7/12/21,7/19/21,7/22/21
07344f144fb,6/1/19,6/6/19,6/20/19,6/29/19
56c6ced35ea,2/12/20,2/17/20,2/28/20,3/2/20
e407f69e3b8,2/14/20,2/17/20,2/27/20,3/1/20
6be8c5f7a1a,10/27/20,10/30/20,11/7/20,11/15/20
e7679948c29,10/28/20,10/30/20,11/12/20,11/17/20
8242419e9f6,6/3/19,6/7/19,6/17/19,6/21/19
3ee324019d6,10/25/20,10/31/20,11/11/20,11/14/20
6fd3a78d6ac,10/30/20,10/31/20,11/7/20,11/15/20
f9df5f6c4f9,2/15/20,2/19/20,3/2/20,3/2/20
8252380df84,10/27/20,11/1/20,11/11/20,11/14/20
21e4769d608,10/27/20,11/1/20,11/12/20,11/14/20
45929464ec4,10/29/20,11/1/20,11/14/20,11/21/20
eaa34f8ff1c,2/16/20,2/20/20,3/2/20,3/5/20
0896a5ea6ff,2/16/20,2/20/20,2/27/20,3/5/20
084651ddfc1,2/17/20,2/20/20,3/1/20,3/9/20
1d6f0b1b941,2/18/20,2/20/20,2/28/20,3/8/20
e0326b121cd,10/27/20,11/2/20,11/10/20,11/18/20
4983e44f575,6/4/19,6/10/19,6/17/19,6/25/19
df73287e82b,2/18/20,2/21/20,2/29/20,3/6/20
d64d2bb7bb5,10/28/20,11/3/20,11/12/20,11/20/20
9f9670f86b8,10/29/20,11/3/20,11/16/20,11/20/20
f3d8fb7ba95,11/2/20,11/3/20,11/17/20,11/24/20
9fdd92e7c36,6/10/19,6/11/19,6/22/19,6/27/19
25938f992a5,2/16/20,2/22/20,3/3/20,3/8/20
0a221ef38b0,2/17/20,2/22/20,3/6/20,3/11/20
3b24fd6b5c1,2/18/20,2/22/20,3/2/20,3/6/20
60017a8e034,6/7/19,6/12/19,6/25/19,7/2/19
e56b45dae6c,2/17/20,2/23/20,3/3/20,3/12/20
26b8aaf3dc1,2/19/20,2/23/20,3/4/20,3/6/20
99850335b7f,2/22/20,2/23/20,3/5/20,3/11/20
4b2b5e2744f,2/22/20,2/23/20,3/6/20,3/13/20
fcaab351157,2/22/20,2/23/20,3/7/20,3/12/20
109d467b58a,10/30/20,11/5/20,11/18/20,11/21/20
055d7440284,11/4/20,11/5/20,11/18/20,11/25/20
89a86bf2074,6/10/19,6/13/19,6/23/19,7/1/19
d936cc6f424,2/19/20,2/24/20,3/6/20,3/9/20
cc9b889b29b,2/24/20,2/25/20,3/10/20,3/16/20
4d2949d43b5,11/3/20,11/7/20,11/17/20,11/22/20
fbf8ffd887e,2/23/20,2/26/20,3/4/20,3/10/20
2c0f38a5423,11/6/20,11/8/20,11/21/20,11/28/20
6f4d9db08b9,6/15/19,6/16/19,6/27/19,7/2/19
2ebb2655b9f,2/23/20,2/27/20,3/6/20,3/12/20
1cd748ac853,2/23/20,2/27/20,3/10/20,3/13/20
6d4b94f626f,2/24/20,2/27/20,3/10/20,3/12/20
84093eb82c3,2/25/20,2/27/20,3/5/20,3/14/20
b022c83438b,11/4/20,11/9/20,11/16/20,11/24/20
5f37a022336,11/5/20,11/9/20,11/23/20,11/30/20
0e8721b2e14,11/7/20,11/9/20,11/22/20,11/23/20
760dae92c96,11/4/20,11/10/20,11/23/20,11/26/20
ee500a61b66,11/4/20,11/10/20,11/23/20,11/29/20
d81ba502976,11/5/20,11/10/20,11/23/20,11/23/20
f4ec38b93d5,11/6/20,11/10/20,11/18/20,11/22/20
c7ca051314a,2/23/20,2/29/20,3/10/20,3/10/20
d802527cc4b,2/24/20,2/29/20,3/12/20,3/19/20
f6bf3ff56e2,2/25/20,2/29/20,3/10/20,3/14/20
ff6fcc3d52f,11/10/20,11/11/20,11/22/20,11/29/20
03f4e0e22e6,2/26/20,3/1/20,3/10/20,3/18/20
caecdaf9b74,11/6/20,11/12/20,11/26/20,12/2/20
0e1e2978ba9,11/8/20,11/12/20,11/23/20,11/30/20
3b6e8d7a324,11/10/20,11/12/20,11/26/20,12/3/20
71dd2b13590,6/17/19,6/20/19,7/3/19,7/8/19
9202a554b66,2/25/20,3/2/20,3/11/20,3/14/20
07e535cd526,11/7/20,11/13/20,11/22/20,11/25/20
a8f1a7382a1,11/9/20,11/13/20,11/25/20,12/2/20
c7c6c6fad16,2/26/20,3/3/20,3/11/20,3/18/20
f363720b368,3/1/20,3/3/20,3/17/20,3/21/20
963e4683678,11/10/20,11/14/20,11/21/20,11/26/20
442647925a3,11/10/20,11/14/20,11/24/20,11/29/20
0e05fb7e265,2/28/20,3/4/20,3/18/20,3/22/20
aa512216583,11/10/20,11/15/20,11/22/20,11/27/20
00b0676a64e,11/14/20,11/15/20,11/28/20,12/4/20
da6d3ce8deb,6/19/19,6/23/19,7/6/19,7/13/19
1838078690b,11/11/20,11/16/20,11/29/20,12/1/20
d61e0250cc2,11/11/20,11/16/20,11/29/20,12/2/20
447aa61a845,11/12/20,11/16/20,11/29/20,12/2/20
efa1f2838a6,11/14/20,11/16/20,11/25/20,11/30/20
15064ca98da,3/1/20,3/6/20,3/17/20,3/18/20
564a22b90e6,3/4/20,3/6/20,3/18/20,3/26/20
5b4a0e7004a,3/4/20,3/6/20,3/19/20,3/21/20
c2cd9ad4134,11/13/20,11/17/20,11/24/20,11/30/20
cae8850d58d,11/13/20,11/17/20,11/29/20,11/29/20
fce3e481dce,3/2/20,3/7/20,3/21/20,3/24/20
3903653aba5,11/13/20,11/18/20,11/25/20,12/4/20
c54bc99a1b8,11/13/20,11/18/20,11/29/20,12/8/20
5785f375f90,11/14/20,11/18/20,11/29/20,12/2/20
e214ac044e5,11/14/20,11/18/20,11/30/20,12/2/20
6b41aec7de8,11/13/20,11/19/20,12/1/20,12/9/20
36dde15a49d,3/5/20,3/9/20,3/21/20,3/23/20
b86eac66a94,3/7/20,3/9/20,3/23/20,3/30/20
fc193bccc5a,11/14/20,11/20/20,11/29/20,12/8/20
cad7a280aeb,11/15/20,11/20/20,12/4/20,12/6/20
e6e5b1365bc,11/15/20,11/20/20,12/1/20,12/4/20
4e7f5624db9,11/16/20,11/20/20,11/27/20,12/3/20
6701c5aa66a,8/1/21,8/3/21,8/17/21,8/23/21
25392da9ec9,3/7/20,3/10/20,3/22/20,3/30/20
33e0e578bac,11/15/20,11/21/20,12/4/20,12/9/20
a6cd5eb55c3,11/19/20,11/21/20,12/3/20,12/6/20
d6b8e63a5b5,8/1/21,8/4/21,8/12/21,8/19/21
0f3e3cec264,3/5/20,3/11/20,3/25/20,3/28/20
5d040295bf8,3/6/20,3/11/20,3/25/20,3/25/20
7fe7a00f326,3/8/20,3/11/20,3/19/20,3/27/20
03c60a1b481,8/1/21,8/5/21,8/12/21,8/18/21
c6f6a1668ac,8/3/21,8/5/21,8/19/21,8/21/21
95b9e8432d7,6/27/19,6/30/19,7/14/19,7/17/19
8a42c610e2f,3/7/20,3/12/20,3/22/20,3/26/20
eef2a7cdfc2,11/17/20,11/23/20,12/4/20,12/10/20
eeecef521e3,8/2/21,8/6/21,8/20/21,8/25/21
3e0f1019b1d,8/3/21,8/6/21,8/19/21,8/26/21
55c20f5d2e3,6/28/19,7/1/19,7/9/19,7/16/19
86130f453b8,3/8/20,3/13/20,3/23/20,3/26/20
6897a5a3b36,3/12/20,3/13/20,3/27/20,4/2/20
c497f81734d,8/2/21,8/7/21,8/14/21,8/22/21
128b369fd47,8/3/21,8/7/21,8/18/21,8/20/21
483c102733e,8/4/21,8/7/21,8/17/21,8/23/21
1cb654edb54,11/20/20,11/25/20,12/2/20,12/6/20
b4b7db226bf,8/2/21,8/8/21,8/22/21,8/22/21
72384e9ed71,8/5/21,8/8/21,8/19/21,8/26/21
6bf9d6ff86f,3/9/20,3/15/20,3/23/20,3/28/20
71bbd12049c,3/9/20,3/15/20,3/29/20,4/1/20
a87bc66d343,3/10/20,3/15/20,3/28/20,3/30/20
9a6333aa797,8/3/21,8/9/21,8/21/21,8/30/21
b5e1bf9a47e,8/4/21,8/9/21,8/17/21,8/22/21
3f47e9c7d4c,8/4/21,8/9/21,8/22/21,8/25/21
ea83d91afde,7/1/19,7/5/19,7/17/19,7/19/19
ba8eb7617eb,7/4/19,7/5/19,7/15/19,7/24/19
12ddb2fd947,3/11/20,3/17/20,3/28/20,3/30/20
631eade1e23,3/11/20,3/17/20,3/31/20,4/2/20
4f16ec7c00d,3/13/20,3/17/20,3/29/20,4/2/20
7e386c63d51,3/13/20,3/17/20,3/26/20,4/4/20
cbad8ff7c39,3/16/20,3/17/20,3/30/20,4/4/20
121d029d123,11/27/20,11/28/20,12/9/20,12/18/20
5bab7f7437c,8/6/21,8/11/21,8/23/21,8/29/21
7203802b639,3/13/20,3/18/20,4/1/20,4/4/20
083e8bc3377,3/14/20,3/18/20,3/30/20,4/1/20
978962e75b7,3/15/20,3/18/20,3/26/20,4/3/20
1b2ee1a4e3e,3/16/20,3/18/20,3/31/20,4/6/20
82e46d3949b,7/2/19,7/7/19,7/16/19,7/18/19
fba7ff092c1,7/3/19,7/7/19,7/20/19,7/27/19
415d164adff,3/18/20,3/19/20,3/30/20,4/6/20
5343c2385ac,11/28/20,11/30/20,12/10/20,12/16/20
f554bcd244a,3/14/20,3/20/20,3/30/20,4/8/20
e13faaa2708,3/15/20,3/20/20,3/30/20,4/5/20
f07f85b749d,3/18/20,3/20/20,4/2/20,4/7/20
d7b4d719120,11/29/20,12/1/20,12/11/20,12/15/20
b4941220ec3,11/30/20,12/1/20,12/14/20,12/16/20
a5b142513ae,7/3/19,7/9/19,7/19/19,7/19/19
699beef13da,7/3/19,7/9/19,7/17/19,7/20/19
e3bf4030233,3/16/20,3/21/20,4/3/20,4/6/20
6e96cabcee0,12/1/20,12/2/20,12/13/20,12/20/20
a9a9e8d07fb,3/18/20,3/22/20,4/5/20,4/5/20
080dc2085a4,3/19/20,3/22/20,4/4/20,4/7/20
4e038bff45a,11/27/20,12/3/20,12/11/20,12/14/20
293f7f599f4,11/28/20,12/3/20,12/17/20,12/25/20
6a30899b414,3/19/20,3/23/20,4/3/20,4/12/20
96eafc86f11,3/19/20,3/23/20,4/6/20,4/7/20
7c7a98e021c,11/30/20,12/4/20,12/16/20,12/21/20
5c969f59848,12/2/20,12/4/20,12/14/20,12/22/20
9a99bc483d2,12/3/20,12/4/20,12/11/20,12/19/20
e16a4ef9312,12/3/20,12/4/20,12/14/20,12/20/20
204c9a0eb1f,3/19/20,3/24/20,4/1/20,4/5/20
75e64338758,3/20/20,3/24/20,4/4/20,4/6/20
96b651aedf5,12/4/20,12/5/20,12/19/20,12/23/20
0f36441751d,7/11/19,7/13/19,7/25/19,7/27/19
a161e316a14,3/19/20,3/25/20,4/7/20,4/8/20
514f7d51ee1,3/19/20,3/25/20,4/1/20,4/7/20
9a229d59b8e,3/20/20,3/25/20,4/8/20,4/13/20
852896c4d23,3/22/20,3/25/20,4/4/20,4/11/20
7cf76d1acbd,3/23/20,3/25/20,4/6/20,4/15/20
1fd9aec0ffc,12/3/20,12/6/20,12/18/20,12/25/20
f89aeb607da,3/20/20,3/26/20,4/9/20,4/16/20
d83dff43143,3/20/20,3/26/20,4/8/20,4/14/20
68480966234,3/22/20,3/26/20,4/7/20,4/7/20
c984c2f40c9,3/22/20,3/26/20,4/9/20,4/16/20
93fb183b4fb,3/22/20,3/26/20,4/9/20,4/14/20
c13beeea550,12/2/20,12/7/20,12/20/20,12/25/20
84f02d35957,12/4/20,12/7/20,12/17/20,12/21/20
e0815a6226a,12/4/20,12/7/20,12/19/20,12/22/20
82a12adae25,7/12/19,7/15/19,7/28/19,8/3/19
bca64328355,3/25/20,3/27/20,4/3/20,4/10/20
7905d8087bc,3/25/20,3/27/20,4/10/20,4/12/20
1f0194d21fe,3/22/20,3/28/20,4/11/20,4/14/20
314f27f677b,3/22/20,3/28/20,4/8/20,4/9/20
8dc4d1a3e8c,3/22/20,3/28/20,4/8/20,4/14/20
33bc1dc5c97,12/8/20,12/9/20,12/19/20,12/27/20
94c5943b319,3/23/20,3/29/20,4/7/20,4/15/20
29d2a84e930,3/26/20,3/29/20,4/12/20,4/15/20
2cfff7a0bb6,3/28/20,3/29/20,4/9/20,4/17/20
528bc4e64c4,12/5/20,12/10/20,12/18/20,12/22/20
cac5ba44961,12/6/20,12/10/20,12/19/20,12/23/20
c7119b131d9,12/6/20,12/10/20,12/23/20,12/30/20
a0aa7321134,7/14/19,7/18/19,7/25/19,7/30/19
b02a852b7da,3/25/20,3/30/20,4/8/20,4/11/20
49999a05e01,3/28/20,3/30/20,4/7/20,4/14/20
3094280c2e2,12/7/20,12/11/20,12/23/20,1/1/21
89535cd3620,7/14/19,7/19/19,7/30/19,8/5/19
acc8ba38348,3/25/20,3/31/20,4/13/20,4/13/20
3f492b4f245,3/26/20,3/31/20,4/11/20,4/17/20
32403b45d50,3/27/20,3/31/20,4/14/20,4/21/20
bd257716e16,3/29/20,3/31/20,4/14/20,4/17/20
057d9291c13,12/9/20,12/12/20,12/24/20,12/29/20
d0d2d3f4977,7/15/19,7/20/19,8/2/19,8/5/19
82da8244936,3/30/20,4/1/20,4/14/20,4/19/20
ecc2d9946a6,3/31/20,4/1/20,4/13/20,4/22/20
55e9e82f436,3/27/20,4/2/20,4/13/20,4/17/20
86c60067d92,3/27/20,4/2/20,4/13/20,4/14/20
fadf8c7f3ae,3/28/20,4/2/20,4/10/20,4/19/20
b2cdc1b4b98,3/31/20,4/2/20,4/14/20,4/20/20
95ad876c75b,12/9/20,12/14/20,12/24/20,12/30/20
01211b3a540,12/11/20,12/14/20,12/23/20,12/31/20
9374379b766,3/28/20,4/3/20,4/14/20,4/15/20
67a9f4576d0,3/30/20,4/3/20,4/17/20,4/21/20
03184df319a,3/30/20,4/3/20,4/12/20,4/17/20
0950389cf0e,12/12/20,12/15/20,12/23/20,12/28/20
86fa24697e9,12/13/20,12/15/20,12/22/20,12/29/20
1e271ff6b57,7/20/19,7/23/19,7/31/19,8/7/19
5a4f264916d,3/29/20,4/4/20,4/13/20,4/14/20
a57bc3ee1e7,12/10/20,12/16/20,12/24/20,12/30/20
9ba9c550543,12/15/20,12/16/20,12/25/20,12/31/20
e16a4aa9056,12/11/20,12/17/20,12/31/20,1/8/21
4ffd6c751b2,12/14/20,12/17/20,12/26/20,1/1/21
abfa65b747f,12/13/20,12/18/20,12/27/20,1/5/21
73389638173,4/3/20,4/7/20,4/21/20,4/23/20
094665ca615,12/15/20,12/19/20,12/29/20,12/31/20
d40263e6f25,7/22/19,7/27/19,8/8/19,8/13/19
e4ddeba17ab,4/2/20,4/8/20,4/16/20,4/23/20
2e9f54fc7ef,4/3/20,4/8/20,4/20/20,4/29/20
00f561e6931,9/1/21,9/2/21,9/9/21,9/17/21
9ce10ff0eda,4/3/20,4/9/20,4/22/20,4/23/20
d5f0c40cfa4,4/8/20,4/9/20,4/19/20,4/26/20
f8a289fbfc2,12/17/20,12/21/20,1/4/21,1/13/21
a38fa7d3ad6,12/17/20,12/22/20,1/5/21,1/12/21
d76f46b9d3e,9/2/21,9/4/21,9/16/21,9/25/21
870b939c2ad,9/3/21,9/4/21,9/16/21,9/24/21
bfa1f0ad0e7,4/5/20,4/11/20,4/20/20,4/27/20
e24cb1311b1,4/5/20,4/11/20,4/20/20,4/29/20
d3250ddbc12,4/7/20,4/11/20,4/21/20,4/30/20
c6bae2c5318,4/7/20,4/11/20,4/22/20,5/1/20
2a8026c8ce9,12/17/20,12/23/20,1/6/21,1/9/21
34ea59c633a,7/26/19,7/31/19,8/11/19,8/13/19
f583eab695c,4/6/20,4/12/20,4/23/20,4/24/20
9a7230ce6f7,4/7/20,4/12/20,4/25/20,5/3/20
f787e3467c6,9/1/21,9/6/21,9/20/21,9/21/21
437680d6819,4/11/20,4/13/20,4/27/20,5/6/20
8fe7e6aa234,12/20/20,12/25/20,1/1/21,1/5/21
19cd890b788,12/21/20,12/25/20,1/6/21,1/11/21
47e3c6e2a90,7/31/19,8/2/19,8/10/19,8/19/19
79bf6514eab,4/8/20,4/14/20,4/22/20,4/29/20
a16209a6cf4,4/11/20,4/14/20,4/22/20,4/27/20
26ed5115594,4/11/20,4/14/20,4/26/20,5/3/20
5f5dbded504,12/22/20,12/26/20,1/8/21,1/12/21
eedfcbc1e4e,12/24/20,12/26/20,1/2/21,1/10/21
9e92a3c52e1,9/3/21,9/8/21,9/15/21,9/21/21
979f549faab,9/3/21,9/8/21,9/21/21,9/23/21
4c3156b2e5c,9/4/21,9/8/21,9/22/21,9/24/21
69d3e85f787,9/6/21,9/8/21,9/20/21,9/28/21
e5cc4988bb8,9/3/21,9/9/21,9/17/21,9/23/21
c21316457cd,9/4/21,9/9/21,9/19/21,9/20/21
e4b5f28c72e,9/4/21,9/9/21,9/20/21,9/27/21
b49dd5d003d,9/5/21,9/9/21,9/16/21,9/22/21
a944e55c28f,7/29/19,8/4/19,8/15/19,8/24/19
248aa59914c,4/11/20,4/16/20,4/26/20,5/3/20
1e8221627ce,9/4/21,9/10/21,9/21/21,9/28/21
43c2940e712,9/5/21,9/10/21,9/24/21,9/26/21
9b51b89312d,4/13/20,4/17/20,5/1/20,5/4/20
5954abf85eb,4/13/20,4/17/20,4/30/20,5/9/20
2695517335f,12/28/20,12/29/20,1/12/21,1/17/21
c0d57b58f63,9/5/21,9/11/21,9/22/21,9/28/21
18c83951140,4/13/20,4/18/20,4/28/20,5/6/20
e48b3139c58,4/13/20,4/18/20,5/2/20,5/9/20
a832cb999c7,4/14/20,4/18/20,4/27/20,5/4/20
904ab1cbc57,4/15/20,4/18/20,4/30/20,5/6/20
e5b4071e12c,4/16/20,4/19/20,4/30/20,5/8/20
93f7f567f98,4/18/20,4/19/20,5/2/20,5/9/20
310598c7ba8,4/14/20,4/20/20,4/29/20,5/7/20
d04ae7615a3,4/16/20,4/20/20,4/28/20,5/4/20
11a8b89654f,4/16/20,4/20/20,5/2/20,5/9/20
7df31804fe3,4/19/20,4/20/20,5/1/20,5/5/20
e454ed76f73,12/27/20,1/1/21,1/15/21,1/22/21
8d5db59af17,4/15/20,4/21/20,4/28/20,5/4/20
139222114d3,4/18/20,4/21/20,4/28/20,5/4/20
76e34e1a313,4/18/20,4/21/20,5/1/20,5/4/20
0c835577b61,4/18/20,4/21/20,5/5/20,5/6/20
3d3ac0fd591,1/1/21,1/2/21,1/9/21,1/18/21
06476978a1c,8/9/19,8/10/19,8/22/19,8/27/19
a1faf48f660,4/17/20,4/22/20,5/4/20,5/8/20
1d82da2ad5d,1/1/21,1/3/21,1/16/21,1/25/21
60d8eb9bf5e,4/18/20,4/23/20,5/7/20,5/8/20
ca7afe2057a,4/19/20,4/23/20,5/6/20,5/14/20
261fc1f2e23,4/21/20,4/23/20,5/7/20,5/16/20
6732ce49d54,4/22/20,4/23/20,5/4/20,5/9/20
8d3fe36a060,12/29/20,1/4/21,1/17/21,1/20/21
a152df05f5d,12/30/20,1/4/21,1/15/21,1/16/21
e02db5a671b,12/30/20,1/4/21,1/11/21,1/18/21
1365bf2c9ee,1/1/21,1/4/21,1/14/21,1/22/21
e6389d860ff,4/19/20,4/24/20,5/8/20,5/11/20
238c1410b1b,4/19/20,4/24/20,5/4/20,5/6/20
b242a7882ae,4/20/20,4/24/20,5/7/20,5/16/20
3c60c372128,4/20/20,4/24/20,5/8/20,5/13/20
0b3dee4aebd,4/20/20,4/24/20,5/8/20,5/11/20
f32e9d26cae,4/22/20,4/24/20,5/7/20,5/10/20
938a58d0646,12/30/20,1/5/21,1/13/21,1/22/21
c5aabfced11,12/31/20,1/5/21,1/16/21,1/17/21
c0a3d1d1e3e,1/2/21,1/5/21,1/18/21,1/26/21
9852298556c,1/3/21,1/5/21,1/17/21,1/21/21
abbfd79b6e0,1/3/21,1/5/21,1/13/21,1/20/21
9773d56785a,1/4/21,1/5/21,1/19/21,1/27/21
3727892699f,1/4/21,1/5/21,1/13/21,1/22/21
1dfb9554157,8/12/19,8/13/19,8/21/19,8/30/19
c01e8dc211d,4/19/20,4/25/20,5/8/20,5/12/20
15bd5467c10,1/1/21,1/6/21,1/13/21,1/21/21
db8bbce7849,1/2/21,1/6/21,1/13/21,1/20/21
363976fd00c,1/3/21,1/6/21,1/20/21,1/24/21
695958ce336,1/5/21,1/6/21,1/16/21,1/24/21
37d083319a7,4/20/20,4/26/20,5/6/20,5/12/20
8f88d479e5c,4/21/20,4/26/20,5/7/20,5/14/20
48446e705c9,4/21/20,4/26/20,5/5/20,5/9/20
656c499a667,4/24/20,4/26/20,5/3/20,5/10/20
3f8f927af99,4/24/20,4/26/20,5/8/20,5/17/20
edc0e7c7cb0,1/1/21,1/7/21,1/18/21,1/20/21
40b717ea21a,1/1/21,1/7/21,1/16/21,1/25/21
543dd581cee,1/2/21,1/7/21,1/21/21,1/22/21
8412c580194,8/12/19,8/15/19,8/25/19,9/2/19
5559cc46b55,4/21/20,4/27/20,5/6/20,5/10/20
e9d55fbe286,4/23/20,4/27/20,5/10/20,5/14/20
d4beb66069c,1/3/21,1/8/21,1/21/21,1/28/21
0d8d07f1203,1/4/21,1/8/21,1/18/21,1/27/21
510853f8d54,1/4/21,1/8/21,1/16/21,1/25/21
3f66d43f23c,1/6/21,1/8/21,1/22/21,1/27/21
d65cf23cff2,4/24/20,4/28/20,5/12/20,5/15/20
33dad180118,4/26/20,4/28/20,5/8/20,5/14/20
25ea057c2ee,4/27/20,4/28/20,5/11/20,5/20/20
96da6c273c7,1/3/21,1/9/21,1/17/21,1/26/21
81c60eef805,1/3/21,1/9/21,1/20/21,1/28/21
e5d680e7832,1/3/21,1/9/21,1/22/21,1/23/21
29716029dc8,1/3/21,1/9/21,1/23/21,1/27/21
1b1942203d9,1/4/21,1/9/21,1/23/21,1/24/21
b32c4a7c6d5,1/6/21,1/9/21,1/19/21,1/23/21
f5a2a3b8dda,8/11/19,8/17/19,8/27/19,8/30/19
28a0c0cf725,4/26/20,4/29/20,5/9/20,5/15/20
6e593e26789,4/26/20,4/29/20,5/8/20,5/14/20
a8b62c7e953,4/27/20,4/29/20,5/12/20,5/16/20
06fb7476b3b,4/28/20,4/29/20,5/12/20,5/15/20
c1d70c5d0a4,1/5/21,1/10/21,1/18/21,1/23/21
88c0669c2c4,8/12/19,8/18/19,8/30/19,9/2/19
4913c108d2b,4/24/20,4/30/20,5/14/20,5/17/20
da4d32f823b,4/24/20,4/30/20,5/14/20,5/17/20
b55a06748f2,4/24/20,4/30/20,5/14/20,5/16/20
2f2c78767d5,4/27/20,4/30/20,5/13/20,5/17/20
ceb291575e1,4/26/20,5/1/20,5/12/20,5/21/20
9b8e206a9be,4/28/20,5/1/20,5/15/20,5/18/20
62f3aac9463,4/29/20,5/1/20,5/9/20,5/15/20
9d8697ab337,8/16/19,8/20/19,8/29/19,9/1/19
9101f2cacd1,8/19/19,8/20/19,9/3/19,9/8/19
b45be0c8de7,4/28/20,5/2/20,5/14/20,5/23/20
2bb0e0f997c,8/15/19,8/21/19,9/3/19,9/5/19
c810bd64277,4/28/20,5/3/20,5/15/20,5/15/20
0490f2e81ba,4/29/20,5/3/20,5/13/20,5/20/20
56e7a5cc0be,4/29/20,5/4/20,5/17/20,5/20/20
f9f50bbe79d,4/29/20,5/4/20,5/13/20,5/15/20
9f8eb87a598,5/3/20,5/4/20,5/17/20,5/26/20
2f0cd56b6bd,1/15/21,1/16/21,1/29/21,2/2/21
0d0758a84f1,4/30/20,5/6/20,5/20/20,5/25/20
3fde7526970,5/3/20,5/6/20,5/13/20,5/20/20
c918a74ef76,1/14/21,1/17/21,1/27/21,1/30/21
08bfedbfeff,5/5/20,5/7/20,5/18/20,5/25/20
b7846df00cf,5/5/20,5/7/20,5/19/20,5/28/20
d4cd503af52,1/15/21,1/18/21,1/25/21,1/31/21
3aa907aa9e5,1/13/21,1/19/21,1/31/21,2/9/21
fbb613bf1aa,1/15/21,1/19/21,1/28/21,2/2/21
e0878f969ab,5/5/20,5/9/20,5/19/20,5/23/20
0fef040f8a1,5/7/20,5/9/20,5/19/20,5/26/20
a3a7021a209,5/8/20,5/9/20,5/22/20,5/27/20
81ed98d4435,1/14/21,1/20/21,2/1/21,2/3/21
689c805e212,1/14/21,1/20/21,1/28/21,2/4/21
c5e6f3b5ce9,1/19/21,1/20/21,2/3/21,2/5/21
e74523432ae,1/19/21,1/20/21,2/3/21,2/5/21
bc85d25d6c5,10/2/21,10/3/21,10/16/21,10/19/21
28852c32128,8/22/19,8/28/19,9/11/19,9/15/19
9e9f61c1784,5/4/20,5/10/20,5/18/20,5/25/20
40c7d1aafe8,5/6/20,5/10/20,5/23/20,5/24/20
daa0d26f4f5,5/7/20,5/10/20,5/20/20,5/28/20
80ceea7dc9c,5/8/20,5/10/20,5/17/20,5/24/20
8b7bf9c9030,5/10/20,5/11/20,5/24/20,6/2/20
97a2d632b04,1/18/21,1/22/21,1/30/21,2/3/21
429bf95299d,10/1/21,10/5/21,10/19/21,10/27/21
4dc10926ea9,10/1/21,10/5/21,10/16/21,10/21/21
5499517315a,10/2/21,10/5/21,10/16/21,10/20/21
da7fbad1910,10/3/21,10/5/21,10/17/21,10/26/21
4c77f67ae3e,5/6/20,5/12/20,5/23/20,5/26/20
f8d40039684,5/7/20,5/12/20,5/20/20,5/24/20
d2b660f6d66,5/8/20,5/12/20,5/22/20,5/24/20
93fb470f79a,5/9/20,5/12/20,5/26/20,5/29/20
f5d62a67992,5/9/20,5/12/20,5/26/20,6/2/20
7b99185e313,10/4/21,10/6/21,10/17/21,10/20/21
393d2f3100b,8/25/19,8/31/19,9/12/19,9/13/19
96bbc842cad,8/25/19,8/31/19,9/13/19,9/21/19
0e612d840fc,5/7/20,5/13/20,5/21/20,5/24/20
2375d2750c2,5/7/20,5/13/20,5/21/20,5/29/20
3a01ecbf645,5/11/20,5/13/20,5/26/20,5/28/20
0f8b89ed2e5,1/19/21,1/24/21,2/3/21,2/10/21
f9fea0de18d,1/22/21,1/24/21,2/4/21,2/9/21
7c90be69fb3,10/2/21,10/7/21,10/18/21,10/25/21
ae97fb04095,10/4/21,10/7/21,10/19/21,10/26/21
6f212d5a40e,10/5/21,10/7/21,10/20/21,10/28/21
65fabb907c9,8/26/19,9/1/19,9/15/19,9/19/19
f396a06026a,5/11/20,5/14/20,5/25/20,6/2/20
d45078e8086,5/13/20,5/14/20,5/28/20,6/6/20
983f6bf8910,1/20/21,1/25/21,2/8/21,2/14/21
211f21d3450,1/21/21,1/25/21,2/8/21,2/14/21
bbf4b816fdb,10/2/21,10/8/21,10/17/21,10/23/21
b7645586972,10/2/21,10/8/21,10/22/21,10/25/21
9834e3c7722,10/3/21,10/8/21,10/18/21,10/19/21
85e1b9feb9a,10/6/21,10/8/21,10/21/21,10/23/21
53b0545ffb1,5/11/20,5/15/20,5/23/20,5/30/20
732fb1d25c3,5/14/20,5/15/20,5/27/20,6/3/20
a0f723ce9f4,5/14/20,5/15/20,5/26/20,6/1/20
77a5fa9f34b,10/3/21,10/9/21,10/16/21,10/24/21
62382c288b0,10/4/21,10/9/21,10/21/21,10/28/21
6cd33dd2b05,8/28/19,9/3/19,9/14/19,9/19/19
1ce2cbf4bed,5/10/20,5/16/20,5/25/20,5/31/20
0c6502fe801,1/22/21,1/27/21,2/8/21,2/16/21
a5ecfd27108,1/23/21,1/27/21,2/7/21,2/9/21
1f42798c675,9/2/19,9/4/19,9/17/19,9/24/19
e6b3eac1ab3,5/13/20,5/17/20,5/30/20,6/2/20
006f05baf96,5/13/20,5/17/20,5/31/20,6/6/20
b1ae69441b3,5/13/20,5/17/20,5/24/20,6/1/20
91ed0ce2442,1/22/21,1/28/21,2/5/21,2/12/21
03a2a234500,1/23/21,1/28/21,2/6/21,2/11/21
6a5251e8670,10/7/21,10/11/21,10/25/21,11/2/21
1ec94b5098d,9/2/19,9/5/19,9/18/19,9/23/19
c02ab6cd59b,9/2/19,9/5/19,9/13/19,9/18/19
58b25eeec0d,9/3/19,9/5/19,9/19/19,9/21/19
be941cd02e8,5/12/20,5/18/20,5/27/20,5/30/20
74290c66501,5/15/20,5/18/20,5/27/20,5/31/20
569d3d6008e,5/17/20,5/18/20,5/31/20,6/3/20
ef3323f66ae,1/28/21,1/29/21,2/10/21,2/14/21
1f63cace69c,10/6/21,10/12/21,10/25/21,10/27/21
f792cdfa69d,5/14/20,5/19/20,6/1/20,6/4/20
3e88cfbb04a,5/16/20,5/19/20,6/2/20,6/10/20
4405dc9ba47,5/16/20,5/19/20,5/30/20,6/4/20
b7c8bbf0a6f,5/16/20,5/19/20,5/27/20,6/5/20
500f5bd08ae,5/17/20,5/19/20,5/26/20,6/2/20
581cdcaee43,5/15/20,5/20/20,5/30/20,6/4/20
96d3e975718,5/16/20,5/20/20,5/31/20,6/1/20
ac5dc560d72,5/16/20,5/20/20,6/2/20,6/9/20
a04a794767f,5/17/20,5/20/20,6/3/20,6/10/20
cc22b3ba15e,1/29/21,1/31/21,2/11/21,2/20/21
8a595d876c3,1/30/21,1/31/21,2/12/21,2/16/21
37406ed233c,9/2/19,9/8/19,9/19/19,9/26/19
1701e13f622,5/15/20,5/21/20,5/30/20,5/31/20
14fe7216284,5/16/20,5/21/20,6/4/20,6/8/20
588a751e2d0,5/17/20,5/21/20,6/2/20,6/10/20
e79eb7a317d,5/17/20,5/21/20,5/31/20,6/7/20
7701e0e028c,5/17/20,5/21/20,6/2/20,6/8/20
4c76d449381,1/30/21,2/1/21,2/14/21,2/17/21
1e79ca37bcc,1/30/21,2/1/21,2/15/21,2/22/21
3ab8ff42f36,5/16/20,5/22/20,6/5/20,6/9/20
580c79a0414,5/19/20,5/22/20,5/31/20,6/7/20
561cea44f41,1/27/21,2/2/21,2/10/21,2/15/21
e63a1fc1e9e,1/30/21,2/2/21,2/12/21,2/19/21
952dea009ba,9/5/19,9/10/19,9/21/19,9/30/19
2447c7c5a7c,5/18/20,5/23/20,5/31/20,6/4/20
4a597fd7a24,5/18/20,5/23/20,6/4/20,6/4/20
b5d57b53ee0,5/19/20,5/23/20,6/4/20,6/11/20
ed1974e09b6,5/21/20,5/23/20,6/1/20,6/6/20
2c3619a0329,5/22/20,5/23/20,6/4/20,6/9/20
9f8ea758dac,1/28/21,2/3/21,2/16/21,2/18/21
0e44e5702c7,5/18/20,5/24/20,6/6/20,6/15/20
5df40bc3f7f,5/20/20,5/24/20,6/1/20,6/7/20
fdfc2675be0,5/22/20,5/24/20,6/4/20,6/12/20
df438b4fde7,1/29/21,2/4/21,2/17/21,2/21/21
433bd64fb58,1/29/21,2/4/21,2/12/21,2/16/21
da6ab848b2a,1/30/21,2/4/21,2/13/21,2/15/21
c98f0f519e0,2/2/21,2/4/21,2/12/21,2/19/21
6c7a6f05196,2/3/21,2/4/21,2/15/21,2/20/21
d8957e3a59d,5/20/20,5/25/20,6/2/20,6/11/20
bdcbe375e79,5/23/20,5/25/20,6/6/20,6/10/20
d92ad8e9f4a,1/30/21,2/5/21,2/18/21,2/22/21
c7b304c08ff,2/1/21,2/5/21,2/13/21,2/19/21
5d3ad91e0de,2/1/21,2/5/21,2/18/21,2/19/21
10d698146a7,2/1/21,2/5/21,2/19/21,2/26/21
1078e182eb2,2/2/21,2/5/21,2/12/21,2/21/21
5bf31265da7,5/20/20,5/26/20,6/9/20,6/10/20
43bde48695a,5/21/20,5/26/20,6/8/20,6/12/20
d7d08abb057,5/21/20,5/26/20,6/2/20,6/11/20
adb39f96c36,5/21/20,5/26/20,6/7/20,6/11/20
d8c9260be65,5/22/20,5/26/20,6/4/20,6/8/20
8394aa2865d,5/24/20,5/26/20,6/9/20,6/15/20
5622c1d1eee,5/25/20,5/26/20,6/9/20,6/18/20
9958e29d54c,5/25/20,5/26/20,6/4/20,6/13/20
4c375a2d539,2/1/21,2/6/21,2/19/21,2/22/21
d0049a8d38f,2/2/21,2/6/21,2/15/21,2/21/21
7c9df7179fe,2/3/21,2/6/21,2/18/21,2/22/21
9fbab3d444f,2/5/21,2/6/21,2/19/21,2/21/21
8f19089dbee,9/13/19,9/14/19,9/26/19,10/3/19
13d984d52c4,5/21/20,5/27/20,6/5/20,6/13/20
4598289badf,5/26/20,5/27/20,6/10/20,6/12/20
804289c12de,2/4/21,2/7/21,2/16/21,2/23/21
d6437d74560,9/11/19,9/15/19,9/27/19,9/30/19
0400b2197d6,5/23/20,5/28/20,6/5/20,6/11/20
ade0e7a077b,5/23/20,5/28/20,6/4/20,6/11/20
30d50236d16,5/23/20,5/28/20,6/5/20,6/12/20
75bdda84f6a,5/23/20,5/28/20,6/8/20,6/14/20
5e5968b6645,5/24/20,5/28/20,6/4/20,6/12/20
ba8fd2312d8,5/24/20,5/28/20,6/8/20,6/9/20
2bccef35346,2/2/21,2/8/21,2/19/21,2/26/21
a1da554660c,2/2/21,2/8/21,2/20/21,2/22/21
dce18e3a97f,2/2/21,2/8/21,2/22/21,2/22/21
79692bb553a,5/23/20,5/29/20,6/10/20,6/14/20
69e09156d63,2/3/21,2/9/21,2/22/21,3/1/21
ffaff3a3cf0,2/3/21,2/9/21,2/17/21,2/22/21
42e31d99eae,2/4/21,2/9/21,2/23/21,2/27/21
55bd74f7821,9/16/19,9/17/19,10/1/19,10/4/19
5cf46793125,5/25/20,5/30/20,6/12/20,6/21/20
8f803370646,5/26/20,5/30/20,6/10/20,6/14/20
5cb299fd905,5/27/20,5/30/20,6/8/20,6/12/20
d797f392322,5/27/20,5/30/20,6/13/20,6/16/20
fcfccae8a9d,2/4/21,2/10/21,2/17/21,2/21/21
aec2c749d10,5/25/20,5/31/20,6/12/20,6/20/20
548ff3cf1a4,5/25/20,5/31/20,6/13/20,6/14/20
f74541dace3,2/5/21,2/11/21,2/18/21,2/25/21
074263c0ff0,2/5/21,2/11/21,2/21/21,2/23/21
66e89427571,5/28/20,6/1/20,6/14/20,6/17/20
52e084de319,5/29/20,6/1/20,6/9/20,6/16/20
9ec626e46a0,5/29/20,6/1/20,6/10/20,6/19/20
cc913441646,1/5/19,1/7/19,1/17/19,1/23/19
7c40fcb0c94,5/28/20,6/2/20,6/16/20,6/19/20
ab9ef517de1,5/28/20,6/3/20,6/17/20,6/19/20
2726e427bf8,9/17/19,9/22/19,10/3/19,10/7/19
48f34d90ed1,5/29/20,6/4/20,6/17/20,6/19/20
1bafb2ce6e1,5/29/20,6/4/20,6/17/20,6/19/20
72ea27c33ec,5/30/20,6/4/20,6/17/20,6/17/20
85ce8ac32d0,5/31/20,6/4/20,6/12/20,6/17/20
fddd938d0e9,5/31/20,6/4/20,6/13/20,6/18/20
c351a974d4e,9/19/19,9/23/19,10/4/19,10/13/19
d793196a41d,5/31/20,6/5/20,6/17/20,6/25/20
8.77E+13,6/3/20,6/5/20,6/16/20,6/24/20
8aa680bc727,6/4/20,6/5/20,6/15/20,6/23/20
b45877c427a,2/14/21,2/16/21,3/2/21,3/4/21
71b0150d78c,2/14/21,2/16/21,3/2/21,3/4/21
33e4ae1140a,2/15/21,2/16/21,3/1/21,3/8/21
db901ad1704,1/7/19,1/11/19,1/23/19,1/27/19
34d24469818,6/1/20,6/6/20,6/14/20,6/19/20
82c73b4e228,6/5/20,6/6/20,6/15/20,6/21/20
4abfa4edaa7,2/14/21,2/17/21,3/2/21,3/2/21
2f012f3266f,6/4/20,6/7/20,6/16/20,6/23/20
8c2b80636ce,6/4/20,6/7/20,6/18/20,6/20/20
84534952900,2/13/21,2/18/21,2/27/21,3/3/21
802a61b6b0d,2/17/21,2/18/21,3/4/21,3/5/21
84daf980098,1/7/19,1/13/19,1/26/19,2/1/19
bd4cda2c63d,6/2/20,6/8/20,6/19/20,6/23/20
6d002caeb57,6/6/20,6/8/20,6/22/20,6/27/20
febb43270e4,2/13/21,2/19/21,2/26/21,3/6/21
1d79012116f,2/13/21,2/19/21,2/28/21,3/2/21
672dc732947,2/14/21,2/19/21,3/3/21,3/7/21
66e36a7a5d3,2/15/21,2/19/21,3/4/21,3/13/21
964cf14ee89,2/16/21,2/19/21,2/27/21,3/8/21
3dacf140ec5,2/17/21,2/19/21,2/27/21,3/6/21
05313b979ef,1/13/19,1/14/19,1/28/19,1/30/19
7e77f103c5d,9/24/19,9/27/19,10/8/19,10/15/19
281aeb7e1af,6/3/20,6/9/20,6/19/20,6/27/20
b917d2def75,6/7/20,6/9/20,6/23/20,7/2/20
fbfd11c0ec7,2/14/21,2/20/21,3/3/21,3/7/21
c7edbb602a7,2/14/21,2/20/21,3/4/21,3/6/21
e45770836b3,2/18/21,2/20/21,3/4/21,3/10/21
0e77d9967be,1/12/19,1/15/19,1/25/19,1/30/19
5a3f3002a8d,1/13/19,1/15/19,1/22/19,1/30/19
103993936a9,9/22/19,9/28/19,10/6/19,10/10/19
5aa210e60fd,9/27/19,9/28/19,10/12/19,10/15/19
43bb54db628,6/4/20,6/10/20,6/23/20,6/25/20
4540f333f21,6/8/20,6/10/20,6/24/20,6/24/20
1d742feabc5,6/8/20,6/10/20,6/23/20,6/27/20
231a0aba13d,6/8/20,6/10/20,6/22/20,6/25/20
dbc4faa0fd6,6/9/20,6/10/20,6/24/20,6/27/20
4a0ac06eabc,2/18/21,2/21/21,3/6/21,3/13/21
2c7320892c0,2/19/21,2/21/21,3/6/21,3/8/21
837a5463ac3,2/20/21,2/21/21,3/6/21,3/15/21
f5fd1f552a5,1/11/19,1/16/19,1/24/19,2/2/19
6d9a33144a7,1/15/19,1/16/19,1/30/19,2/6/19
1fa2cb16ad6,6/5/20,6/11/20,6/24/20,6/27/20
fab7d26f827,6/8/20,6/11/20,6/18/20,6/24/20
7b97e0ea5c6,6/10/20,6/11/20,6/20/20,6/27/20
cde760035a8,2/17/21,2/22/21,3/2/21,3/10/21
9142b22c8de,2/17/21,2/22/21,3/5/21,3/7/21
2f84133a123,2/18/21,2/22/21,3/7/21,3/14/21
259732bf497,2/21/21,2/22/21,3/8/21,3/11/21
e8c27dcb791,11/4/21,11/5/21,11/12/21,11/20/21
515df67a3e0,6/7/20,6/12/20,6/19/20,6/28/20
5e851705ae7,6/9/20,6/12/20,6/21/20,6/30/20
239b2e450b3,2/17/21,2/23/21,3/8/21,3/8/21
10c32968a35,2/21/21,2/23/21,3/9/21,3/11/21
4601e41cc73,2/22/21,2/23/21,3/6/21,3/10/21
dce3c2a8463,11/2/21,11/6/21,11/18/21,11/27/21
598bc251fe5,11/4/21,11/6/21,11/16/21,11/21/21
bbf87e352c8,1/15/19,1/18/19,2/1/19,2/2/19
01f3e6eb3c4,2/18/21,2/24/21,3/6/21,3/8/21
6c5e437be09,2/18/21,2/24/21,3/10/21,3/12/21
8030da20c3c,11/2/21,11/7/21,11/19/21,11/27/21
6d16bb9b121,6/9/20,6/14/20,6/28/20,7/6/20
09165af1359,6/9/20,6/14/20,6/28/20,7/7/20
5bbe2d61311,6/10/20,6/14/20,6/22/20,6/28/20
37d524b15a6,6/11/20,6/14/20,6/26/20,7/3/20
2ed93e666f0,2/22/21,2/25/21,3/8/21,3/16/21
0219e60958c,11/2/21,11/8/21,11/15/21,11/24/21
8928a5f359b,2/20/21,2/26/21,3/12/21,3/16/21
7722a894842,2/22/21,2/26/21,3/10/21,3/16/21
63fa7423aec,2/22/21,2/26/21,3/8/21,3/11/21
65e4e9a9b82,2/24/21,2/26/21,3/5/21,3/13/21
c5a43be6898,2/24/21,2/26/21,3/5/21,3/12/21
2b529560a1b,11/3/21,11/9/21,11/19/21,11/23/21
4c9678e6709,11/4/21,11/9/21,11/22/21,11/25/21
c38b585b923,11/4/21,11/9/21,11/22/21,11/24/21
b0904af51f3,6/11/20,6/16/20,6/23/20,7/2/20
62e29984804,2/21/21,2/27/21,3/13/21,3/15/21
5f5a4152452,2/22/21,2/27/21,3/13/21,3/16/21
8ede9a09c18,2/22/21,2/27/21,3/11/21,3/15/21
d9265464be6,2/25/21,2/27/21,3/12/21,3/21/21
58e880470b6,11/5/21,11/10/21,11/23/21,11/26/21
6d20c4b3d74,1/19/19,1/22/19,2/5/19,2/5/19
d417c56d2de,10/3/19,10/5/19,10/18/19,10/25/19
819b0cf3de5,6/15/20,6/17/20,6/26/20,7/3/20
ea1fdea9b2a,6/15/20,6/17/20,6/25/20,7/2/20
6ad92d30d49,2/24/21,2/28/21,3/11/21,3/19/21
6325b6c3d5f,2/24/21,2/28/21,3/13/21,3/17/21
e46bbda2e07,2/26/21,2/28/21,3/12/21,3/14/21
7998584f66e,11/5/21,11/11/21,11/21/21,11/26/21
7707e8c4136,10/3/19,10/6/19,10/17/19,10/22/19
ee675c2bbe8,6/13/20,6/18/20,6/28/20,7/3/20
220e3f826bd,6/15/20,6/18/20,6/26/20,7/3/20
0a0f2107659,6/16/20,6/18/20,7/2/20,7/10/20
71c9a426597,2/24/21,3/1/21,3/15/21,3/18/21
7acc708434b,2/26/21,3/1/21,3/14/21,3/20/21
e4833793a82,2/26/21,3/1/21,3/13/21,3/19/21